iata,name,country,latitude,longitude
AAA,Anaa Airport,PF,-17.352600,-145.509995
AAC,El Arish International Airport,EG,31.055324,33.827964
AAE,Annaba Rabah Bitat Airport,DZ,36.826781,7.813340
AAK,Aranuka Airport,KI,0.185278,173.636993
AAL,Aalborg Airport,DK,57.094763,9.849930
AAN,Al Ain International Airport,AE,24.261700,55.609200
AAP,Aji Pangeran Tumenggung Pranoto International Airport,ID,-0.374478,117.250128
AAR,Aarhus Airport,DK,56.303331,10.618286
AAT,Altay Xuedu Airport,CN,47.749886,88.085808
AAX,Romeu Zema Airport,BR,-19.563200,-46.960400
AAY,Al Ghaydah International Airport,YE,16.193341,52.174186
AAZ,Quezaltenango Airport,GT,14.865600,-91.501999
ABA,Abakan International Airport,RU,53.740002,91.385002
ABB,Asaba International Airport,NG,6.204167,6.665278
ABD,Abadan Ayatollah Jami International Airport,IR,30.367887,48.230075
ABE,Lehigh Valley International Airport,US,40.651773,-75.442797
ABI,Abilene Regional Airport,US,32.411301,-99.681900
ABJ,Félix-Houphouët-Boigny International Airport,CI,5.261390,-3.926290
ABK,Kebri Dahar Airport,ET,6.732577,44.241339
ABL,Ambler Airport,US,67.105529,-157.855339
ABM,Northern Peninsula Airport,AU,-10.946194,142.455081
ABQ,Albuquerque International Sunport,US,35.039976,-106.608925
ABR,Aberdeen Regional Airport,US,45.449100,-98.421799
ABS,Abu Simbel Airport,EG,22.375924,31.611734
ABT,King Saud Bin Abdulaziz (Al Baha) Airport,SA,20.298506,41.636153
ABU,AA Bere Tallo (Haliwen) Airport,ID,-9.074841,124.903285
ABV,Nnamdi Azikiwe International Airport,NG,9.006790,7.263170
ABX,Albury Airport,AU,-36.066758,146.959148
ABY,Southwest Georgia Regional Airport,US,31.532946,-84.196215
ABZ,Aberdeen International Airport,GB,57.201900,-2.197780
ACA,General Juan N. Álvarez International Airport,MX,16.757126,-99.753113
ACC,Kotoka International Airport,GH,5.605190,-0.166786
ACE,César Manrique-Lanzarote Airport,ES,28.945499,-13.605200
ACF,Aral Tarim Airport,CN,40.434748,81.262060
ACH,Sankt Gallen Altenrhein Airport,CH,47.485001,9.560770
ACI,Alderney Airport,GG,49.706104,-2.214720
ACK,Nantucket Memorial Airport,US,41.253101,-70.060204
ACT,Waco Regional Airport,US,31.611300,-97.230499
ACV,California Redwood Coast-Humboldt County Airport,US,40.978101,-124.109000
ACX,Xingyi Wanfenglin Airport,CN,25.083423,104.960804
ACY,Atlantic City International Airport,US,39.456201,-74.577511
ADB,Adnan Menderes International Airport,TR,38.292400,27.157000
ADD,Addis Ababa Bole International Airport,ET,8.977890,38.799301
ADE,Aden International Airport,YE,12.829564,45.029976
ADF,Adıyaman Airport,TR,37.731400,38.468899
ADJ,Marka International (Amman Civil) Airport,JO,31.972700,35.991600
ADK,Adak Airport,US,51.883564,-176.642783
ADL,Adelaide International Airport,AU,-34.947512,138.533393
ADQ,Kodiak Airport,US,57.750000,-152.494003
ADU,Ardabil Airport,IR,38.325699,48.424400
ADZ,Gustavo Rojas Pinilla International Airport,CO,12.583600,-81.711200
AEB,Baise (Bose) Bama Airport,CN,23.720600,106.959999
AEP,Aeroparque Jorge Newbery,AR,-34.559419,-58.415536
AER,Sochi International Airport,RU,43.449902,39.956600
AES,Ålesund Airport,NO,62.560443,6.110845
AET,Allakaket Airport,US,66.551804,-152.621994
AEU,Abu Musa Island Airport,IR,25.875700,55.033001
AEX,Alexandria International Airport,US,31.325828,-92.546702
AEY,Akureyri International Airport,IS,65.656573,-18.072018
AFA,Suboficial Ay Santiago Germano Airport,AR,-34.588299,-68.403900
AFL,Piloto Osvaldo Marques Dias Airport,BR,-9.866389,-56.106298
AFZ,Sabzevar National Airport,IR,36.168098,57.595200
AGA,Al Massira Airport,MA,30.322478,-9.412003
AGE,Wangerooge Airport,DE,53.782544,7.919584
AGH,Ängelholm-Helsingborg Airport,SE,56.296101,12.847100
AGI,Wageningen Airstrip,SR,5.841252,-56.673247
AGJ,Aguni Airport,JP,26.592755,127.240335
AGM,Tasiilaq Heliport,GL,65.612296,-37.618335
AGN,Angoon Seaplane Base,US,57.497097,-134.567220
AGP,Málaga-Costa del Sol Airport,ES,36.674900,-4.499110
AGR,Agra Airport / Agra Air Force Station,IN,27.157975,77.961025
AGS,Augusta Regional At Bush Field,US,33.369900,-81.964500
AGT,Guaraní International Airport,PY,-25.457186,-54.839544
AGU,Aguascalientes International Airport,MX,21.699589,-102.318372
AGX,Agatti Airport,IN,10.823700,72.176003
AHA,Maa Mahamaya Airport,IN,22.987530,83.196120
AHB,Abha International Airport,SA,18.240400,42.656601
AHE,Ahe Airport,PF,-14.428100,-146.257004
AHO,Alghero-Fertilia Airport,IT,40.632099,8.290770
AHU,Cherif Al Idrissi Airport,MA,35.177101,-3.839520
AIA,Alliance Municipal Airport,US,42.052543,-102.803965
AIN,Wainwright Airport,US,70.638000,-159.994995
AIP,Adampur Airport,IN,31.433800,75.758797
AIT,Aitutaki Airport,CK,-18.830900,-159.764008
AIU,Enua Airport,CK,-19.967800,-158.119003
AJA,Ajaccio Napoléon Bonaparte airport,FR,41.923599,8.802920
AJF,Al-Jawf International Airport,SA,29.783301,40.100905
AJI,Ağrı Airport,TR,39.655642,43.025742
AJL,Lengpui Airport,IN,23.840599,92.619698
AJN,Ouani Airport,KM,-12.131047,44.430044
AJR,Arvidsjaur Airport,SE,65.590302,19.281900
AJU,Aracaju - Santa Maria Airport,BR,-10.983940,-37.072873
AKA,Ankang Fuqiang Airport,CN,32.756960,108.873380
AKB,Atka Airport,US,52.220299,-174.205994
AKF,Kufra Airport,LY,24.178699,23.313999
AKI,Akiak Airport,US,60.902646,-161.231060
AKJ,Asahikawa Airport,JP,43.670799,142.447006
AKK,Akhiok Airport,US,56.938702,-154.182999
AKL,Auckland International Airport,NZ,-37.011990,174.786331
AKN,King Salmon Airport,US,58.677845,-156.651965
AKP,Anaktuvuk Pass Airport,US,68.133598,-151.742996
AKR,Akure Airport,NG,7.246740,5.301010
AKS,Gwaunaru'u Airport,SB,-8.702570,160.682007
AKU,Aksu Hongqipo Airport,CN,41.262501,80.291702
AKV,Akulivik Airport,CA,60.818600,-78.148598
AKX,Aktobe International Airport,KZ,50.248116,57.204144
AKY,Sittwe Airport,MM,20.133165,92.870693
ALA,Almaty International Airport,KZ,43.354267,77.042828
ALB,Albany International Airport,US,42.748299,-73.801697
ALC,Alicante-Elche Miguel Hernández Airport,ES,38.282200,-0.558156
ALF,Alta Airport,NO,69.976097,23.371700
ALG,Houari Boumediene Airport,DZ,36.693886,3.214531
ALH,Albany Airport,AU,-34.943333,117.808889
ALO,Waterloo Regional Airport,US,42.557098,-92.400299
ALP,Aleppo International Airport,SY,36.181262,37.226869
ALS,San Luis Valley Regional Airport/Bergman Field,US,37.434898,-105.866997
ALW,Walla Walla Regional Airport,US,46.094898,-118.288002
ALZ,Alitak Seaplane Base,US,56.897294,-154.249692
AMA,Rick Husband Amarillo International Airport,US,35.217857,-101.706444
AMD,Sardar Vallabh Patel International Airport,IN,23.077200,72.634697
AMH,Arba Minch Airport,ET,6.039390,37.590500
AMM,Queen Alia International Airport,JO,31.722601,35.993198
AMQ,Pattimura International Airport,ID,-3.710260,128.089005
AMS,Amsterdam Airport Schiphol,NL,52.308601,4.763890
AMV,Amderma Airport,RU,69.763712,61.556711
ANC,Ted Stevens Anchorage International Airport,US,61.179004,-149.992561
ANF,Andrés Sabella Gálvez International Airport,CL,-23.445274,-70.445232
ANI,Aniak Airport,US,61.581600,-159.542999
ANR,Antwerp International Airport (Deurne),BE,51.190667,4.463153
ANS,Andahuaylas Airport,PE,-13.706400,-73.350403
ANU,V. C. Bird International Airport,AG,17.136700,-61.792702
ANV,Anvik Airport,US,62.646702,-160.190994
ANX,"Andøya Airport, Andenes",NO,69.295193,16.139379
AOE,Hasan Polatkan Airport,TR,39.811644,30.519268
AOG,Anshan Teng'ao Airport / Anshan Air Base,CN,41.105301,122.853996
AOI,Marche Airport,IT,43.616299,13.362300
AOJ,Aomori Airport,JP,40.733777,140.689477
AOK,Karpathos Airport,GR,35.421398,27.146000
AOO,Altoona Blair County Airport,US,40.296398,-78.320000
AOQ,Aappilattoq Heliport,GL,72.887030,-55.596287
AOR,Sultan Abdul Halim Airport,MY,6.189670,100.398003
AOS,Amook Bay Seaplane Base,US,57.471500,-153.815002
APK,Apataki Airport,PF,-15.573600,-146.414993
APL,Nampula Airport,MZ,-15.105600,39.281799
APN,Alpena County Regional Airport,US,45.078098,-83.560303
APO,Antonio Roldán Betancur Airport,CO,7.811960,-76.716400
APW,Faleolo International Airport,WS,-13.830000,-172.007996
AQA,Araraquara Airport,BR,-21.812000,-48.132999
AQG,Anqing Tianzhushan Airport / Anqing North Air Base,CN,30.582199,117.050003
AQI,Qaisumah–Hafar Al-Batin International Airport,SA,28.335726,46.127108
AQJ,King Hussein International Airport,JO,29.611601,35.018101
AQP,Rodríguez Ballón International Airport,PE,-16.340786,-71.569485
ARC,Arctic Village Airport,US,68.114700,-145.578995
ARD,Alor Island - Mali Airport,ID,-8.132340,124.597000
ARH,Talagi Airport,RU,64.600304,40.716702
ARI,Chacalluta International Airport,CL,-18.348499,-70.338699
ARK,Arusha Airport,TZ,-3.367790,36.633301
ARM,Armidale Airport,AU,-30.528099,151.617004
ARN,Stockholm-Arlanda Airport,SE,59.648490,17.928829
ART,Watertown International Airport,US,43.991901,-76.021698
ARU,Araçatuba Airport,BR,-21.141479,-50.424575
ARW,Arad International Airport,RO,46.176136,21.264322
ASB,Ashgabat International Airport,TM,37.986801,58.361000
ASD,Andros Town Airport,BS,24.697901,-77.795601
ASE,Aspen-Pitkin County Airport (Sardy Field),US,39.223202,-106.869003
ASF,Astrakhan Narimanovo Boris M. Kustodiev International Airport,RU,46.282843,48.010511
ASI,RAF Ascension Island,SH,-7.970179,-14.392744
ASJ,Amami Airport,JP,28.430599,129.712997
ASM,Asmara International Airport,ER,15.291900,38.910702
ASO,Asosa Airport,ET,10.018500,34.586300
ASP,Alice Springs Airport,AU,-23.806588,133.903427
ASR,Kayseri Erkilet International Airport,TR,38.770401,35.495399
ASU,Silvio Pettirossi International Airport,PY,-25.240156,-57.519227
ASV,Amboseli Airport,KE,-2.644786,37.252922
ASW,Aswan International Airport,EG,23.961075,32.820382
ATC,Arthur's Town Airport,BS,24.629400,-75.673797
ATH,Athens Eleftherios Venizelos International Airport,GR,37.936401,23.944500
ATK,Atqasuk Edward Burnell Sr Memorial Airport,US,70.467040,-157.436013
ATL,Hartsfield Jackson Atlanta International Airport,US,33.636700,-84.428101
ATM,Altamira Interstate Airport,BR,-3.253144,-52.253938
ATQ,Sri Guru Ram Das Ji International Airport,IN,31.709600,74.797302
ATT,Atmautluak Airport,US,60.866699,-162.272996
ATW,Appleton International Airport,US,44.258515,-88.519000
ATY,Watertown Regional Airport,US,44.914001,-97.154701
ATZ,Asyut International Airport,EG,27.045962,31.012760
AUA,Queen Beatrix International Airport,AW,12.501056,-70.014281
AUC,Santiago Perez Airport,CO,7.068880,-70.736900
AUG,Augusta State Airport,US,44.320599,-69.797302
AUH,Zayed International Airport,AE,24.440966,54.649237
AUK,Alakanuk Airport,US,62.682653,-164.722481
AUL,Aur Island Airport,MH,8.145280,171.173004
AUQ,Hiva Oa-Atuona Airport,PF,-9.768790,-139.011002
AUR,Aurillac airport,FR,44.891399,2.421940
AUS,Austin Bergstrom International Airport,US,30.197535,-97.662015
AUU,Aurukun Airport,AU,-13.354019,141.720028
AUX,Araguaína Airport,BR,-7.227870,-48.240501
AVA,Anshun Huangguoshu Airport,CN,26.260556,105.873333
AVK,Arvaikheer Airport,MN,46.250301,102.802002
AVL,Asheville Regional Airport,US,35.435488,-82.541853
AVN,Avignon Caumont airport,FR,43.907299,4.901830
AVP,Wilkes-Barre/Scranton International Airport,US,41.337064,-75.724232
AVR,Amravati  Airport,IN,20.814608,77.717765
AVV,Melbourne Avalon International Airport,AU,-38.040269,144.467196
AWA,Hawassa International Airport,ET,7.100611,38.396455
AWK,Wake Island Airfield,UM,19.282437,166.636637
AWZ,Qasem Soleimani International Airport,IR,31.336400,48.763789
AXA,Clayton J. Lloyd International Airport,AI,18.204773,-63.053830
AXD,Alexandroupoli Democritus Airport,GR,40.855900,25.956301
AXF,Alxa Left Banner Bayanhot Airport,CN,38.748317,105.584160
AXJ,Amakusa Airport,JP,32.482498,130.158997
AXM,El Eden Airport,CO,4.452780,-75.766400
AXP,Spring Point Airport,BS,22.441799,-73.970901
AXR,Arutua Airport,PF,-15.248300,-146.617004
AXT,Akita Airport,JP,39.615601,140.218994
AXU,Axum Airport,ET,14.146800,38.772800
AYJ,Maharshi Valmiki International Airport,IN,26.747736,82.163664
AYP,Air Force Colonel Alfredo Mendivil Duarte Airport,PE,-13.154800,-74.204399
AYQ,Ayers Rock Connellan Airport,AU,-25.185913,130.977030
AYT,Antalya International Airport,TR,36.898701,30.800501
AZA,Mesa Gateway Airport,US,33.307800,-111.654999
AZD,Shahid Sadooghi Airport,IR,31.904900,54.276501
AZN,Andijan International Airport,UZ,40.727699,72.293999
AZO,Kalamazoo/Battle Creek International Airport,US,42.232105,-85.549637
AZR,Touat-Cheikh Sidi Mohamed Belkebir Airport,DZ,27.837601,-0.186414
AZS,Samaná El Catey International Airport,DO,19.269259,-69.737405
BAH,Bahrain International Airport,BH,26.267295,50.637640
BAL,Batman Airport,TR,37.929001,41.116600
BAQ,Ernesto Cortissoz International Airport,CO,10.889600,-74.780800
BAR,Qionghai Bo'ao Airport,CN,19.140951,110.452766
BAS,Ballalae Airport,SB,-6.990745,155.886656
BAV,Baotou Donghe International Airport,CN,40.560001,109.997002
BAX,Barnaul Gherman Titov International Airport,RU,53.361285,83.539701
BAY,Maramureș International Airport,RO,47.658444,23.464445
BAZ,Barcelos Airport,BR,-0.981191,-62.918603
BBA,Balmaceda Airport,CL,-45.915968,-71.689499
BBG,Butaritari Airport,KI,3.085830,172.811005
BBI,Biju Patnaik International Airport,IN,20.251021,85.814747
BBK,Kasane International Airport,BW,-17.831653,25.166195
BBM,Battambang Airport,KH,13.095600,103.223999
BBN,Bario Airport,MY,3.734648,115.478548
BBO,Berbera Airport,SO,10.385035,44.936723
BBQ,Burton-Nibbs International Airport,AG,17.621194,-61.798347
BBR,Basse-Terre Baillif Airport,GP,16.013648,-61.742928
BBU,Bucharest Băneasa Aurel Vlaicu International Airport,RO,44.503133,26.102944
BCA,Gustavo Rizo Airport,CU,20.365299,-74.506203
BCD,Bacolod-Silay International Airport,PH,10.776237,123.018879
BCH,Baucau Airport,TL,-8.486479,126.399981
BCI,Barcaldine Airport,AU,-23.566268,145.302086
BCM,Bacău George Enescu International  Airport,RO,46.521900,26.910299
BCN,Josep Tarradellas Barcelona-El Prat Airport,ES,41.297100,2.078460
BCO,Jinka Airport,ET,5.749655,36.560165
BCU,Sir Abubakar Tafawa Balewa Bauchi State International Airport,NG,10.482833,9.744000
BDA,L.F. Wade International Airport,BM,32.363802,-64.678240
BDB,Bundaberg Airport,AU,-24.905039,152.322612
BDD,Badu Island Airport,AU,-10.149550,142.173665
BDH,Bandar Lengeh International Airport,IR,26.532283,54.824840
BDJ,Syamsudin Noor International Airport,ID,-3.440112,114.761209
BDL,Bradley International Airport,US,41.938555,-72.688016
BDO,Husein Sastranegara International Airport,ID,-6.900630,107.575996
BDP,Bhadrapur Airport,NP,26.570801,88.079597
BDQ,Vadodara International Airport,IN,22.336201,73.226303
BDS,Brindisi Airport,IT,40.657600,17.947001
BDT,Gbadolite Airport,CD,4.252745,20.975271
BDU,Bardufoss Airport,NO,69.055801,18.540400
BEB,Benbecula Airport,GB,57.481098,-7.362780
BED,Laurence G Hanscom Field,US,42.470001,-71.289001
BEF,Bluefields Airport,NI,11.991000,-83.774101
BEG,Belgrade Nikola Tesla Airport,RS,44.818401,20.309099
BEJ,Kalimarau Airport,ID,2.147760,117.430705
BEK,Bareilly Air Force Station,IN,28.422100,79.450798
BEL,Val de Cans/Júlio Cezar Ribeiro International Airport,BR,-1.379279,-48.476207
BEM,Beni Mellal Airport,MA,32.401895,-6.315905
BEN,Benina International Airport,LY,32.096802,20.269501
BER,Berlin Brandenburg Airport,DE,52.361738,13.502341
BES,Brest Bretagne airport,FR,48.447899,-4.418540
BET,Bethel Airport,US,60.779800,-161.837997
BEU,Bedourie Airport,AU,-24.346100,139.460007
BEW,Beira International Airport,MZ,-19.796400,34.907600
BEY,Beirut Rafic Hariri International Airport,LB,33.819833,35.487443
BFD,Bradford Regional Airport,US,41.803101,-78.640099
BFF,Western Neb. Rgnl/William B. Heilig Airport,US,41.874001,-103.596001
BFI,King County International Airport - Boeing Field,US,47.527042,-122.299950
BFJ,Bijie Feixiong Airport,CN,27.267066,105.472097
BFL,Meadows Field,US,35.433601,-119.056999
BFN,Bram Fischer International Airport,ZA,-29.092699,26.302401
BFQ,Bahia Piña Airport,PA,7.587370,-78.179939
BFS,Belfast International Airport,GB,54.657501,-6.215830
BFV,Buri Ram Airport,TH,15.229500,103.252998
BFY,Bengbu Tenghu Airport,CN,33.166292,117.058344
BGA,Palonegro Airport,CO,7.126500,-73.184800
BGC,Bragança Airport,PT,41.857800,-6.707130
BGF,Bangui M'Poko International Airport,CF,4.398480,18.518801
BGG,Bingöl Airport,TR,38.860131,40.594489
BGI,Grantley Adams International Airport,BB,13.074667,-59.491034
BGK,Big Creek Airport,BZ,16.519369,-88.407913
BGM,Greater Binghamton/Edwin A Link field,US,42.208698,-75.979797
BGO,"Bergen Airport, Flesland",NO,60.293400,5.218140
BGR,Bangor International Airport,US,44.806364,-68.826668
BGW,Baghdad International Airport / New Al Muthana Air Base,IQ,33.262501,44.234600
BGY,Il Caravaggio International Airport,IT,45.669362,9.708851
BHB,Hancock County-Bar Harbor Airport,US,44.450001,-68.361504
BHD,George Best Belfast City Airport,GB,54.618099,-5.872500
BHE,Woodbourne Airport,NZ,-41.518299,173.869995
BHH,Bisha Airport,SA,19.984400,42.620899
BHI,Comandante Espora Airport,AR,-38.725000,-62.169300
BHJ,Bhuj Airport,IN,23.287800,69.670197
BHK,Bukhara International Airport,UZ,39.775319,64.482279
BHM,Birmingham-Shuttlesworth International Airport,US,33.562877,-86.750712
BHO,Raja Bhoj International Airport,IN,23.287500,77.337402
BHQ,Broken Hill Airport,AU,-32.001400,141.472000
BHR,Bharatpur Airport,NP,27.678101,84.429398
BHS,Bathurst Airport,AU,-33.406817,149.651161
BHU,Bhavnagar Airport,IN,21.752199,72.185204
BHV,Bahawalpur Airport,PK,29.348101,71.718002
BHX,Birmingham Airport,GB,52.453899,-1.748030
BHY,Beihai Fucheng Airport,CN,21.538659,109.293683
BIA,Bastia-Poretta International airport,FR,42.552700,9.483730
BID,Block Island State Airport,US,41.168446,-71.578631
BIH,Eastern Sierra Regional Airport,US,37.373100,-118.363998
BIK,Frans Kaisiepo Airport,ID,-1.190020,136.108002
BIL,Billings Logan International Airport,US,45.808932,-108.541242
BIM,South Bimini Airport,BS,25.699900,-79.264702
BIO,Bilbao Airport,ES,43.301102,-2.910610
BIQ,Biarritz Pays Basque airport,FR,43.468372,-1.523223
BIR,Biratnagar Airport,NP,26.481501,87.264000
BIS,Bismarck Municipal Airport,US,46.772734,-100.746874
BJA,Soummam–Abane Ramdane Airport,DZ,36.712547,5.069909
BJB,Bojnord Airport,IR,37.493000,57.308201
BJC,Rocky Mountain Metropolitan Airport,US,39.908798,-105.116997
BJF,Båtsfjord Airport,NO,70.600250,29.692612
BJL,Banjul International Airport,GM,13.338000,-16.652201
BJM,Bujumbura Melchior Ndadaye International Airport,BI,-3.324020,29.318501
BJR,Bahir Dar Airport,ET,11.608100,37.321602
BJT,Bentota River Waterdrome,LK,6.431000,79.996000
BJV,Milas Bodrum International Airport,TR,37.249314,27.664010
BJX,Guanajuato International Airport,MX,20.992695,-101.480284
BJZ,Badajoz Airport,ES,38.891300,-6.821330
BKC,Buckland Airport,US,65.981598,-161.149002
BKF,Lake Brooks Seaplane Base,US,58.554798,-155.776993
BKG,Branson Airport,US,36.532082,-93.200544
BKI,Kota Kinabalu International Airport,MY,5.932743,116.049324
BKK,Suvarnabhumi Airport,TH,13.681100,100.747002
BKM,Bakalalan Airport,MY,3.974000,115.617996
BKN,Balkanabat International Airport,TM,39.681052,54.206008
BKO,Modibo Keita International Airport,ML,12.533500,-7.949940
BKQ,Blackall Airport,AU,-24.431678,145.429716
BKS,Fatmawati Soekarno Airport,ID,-3.863700,102.338997
BKW,Raleigh County Memorial Airport,US,37.787300,-81.124199
BKZ,Bukoba Airport,TZ,-1.332000,31.821200
BLA,General José Antonio Anzoategui International Airport,VE,10.111111,-64.692222
BLB,Panamá Pacífico International Airport,PA,8.914790,-79.599602
BLD,Boulder City Municipal Airport,US,35.947161,-114.858799
BLE,Dala Airport,SE,60.422001,15.515200
BLI,Bellingham International Airport,US,48.792801,-122.538002
BLJ,Batna Mostefa Ben Boulaid Airport,DZ,35.752102,6.308590
BLL,Billund Airport,DK,55.740335,9.157019
BLQ,Bologna Guglielmo Marconi Airport,IT,44.535400,11.288700
BLR,Kempegowda International Airport Bengaluru,IN,13.197900,77.706299
BLV,Scott AFB/Midamerica Airport,US,38.545200,-89.835197
BLW,Beledweyne Airport,SO,4.766976,45.238800
BLZ,Chileka International Airport,MW,-15.677189,34.972319
BMA,Stockholm-Bromma Airport,SE,59.354401,17.941700
BME,Broome International Airport,AU,-17.949194,122.228300
BMI,Central Illinois Regional Airport at Bloomington-Normal,US,40.477100,-88.915901
BMK,Borkum Airport,DE,53.596390,6.709167
BMO,Banmaw Airport,MM,24.270440,97.247600
BMR,Baltrum Airport,DE,53.724850,7.373257
BMU,Sultan Muhammad Salahuddin Airport,ID,-8.537184,118.685002
BMV,Buon Ma Thuot Airport,VN,12.668300,108.120003
BMW,Bordj Badji Mokhtar Airport,DZ,21.377800,0.926980
BMY,Île Art - Waala Airport,NC,-19.720521,163.661077
BNA,Nashville International Airport,US,36.124500,-86.678200
BNB,Boende Airport,CD,-0.286652,20.883551
BND,Bandar Abbas International Airport,IR,27.218300,56.377800
BNE,Brisbane International Airport,AU,-27.384199,153.117004
BNI,Benin Airport,NG,6.316980,5.599500
BNK,Ballina Byron Gateway Airport,AU,-28.833236,153.561471
BNN,"Brønnøysund Airport, Brønnøy",NO,65.461098,12.217500
BNS,Barinas Airport,VE,8.615000,-70.214167
BNX,Banja Luka International Airport,BA,44.941399,17.297501
BNY,Bellona/Anua Airport,SB,-11.302222,159.798333
BOB,Bora Bora Airport,PF,-16.444401,-151.751007
BOC,"Bocas del Toro ""Isla Colón"" International Airport",PA,9.340850,-82.250801
BOD,Bordeaux–Mérignac Airport,FR,44.828650,-0.715356
BOG,El Dorado International Airport,CO,4.701590,-74.146900
BOH,Bournemouth Airport,GB,50.780483,-1.839576
BOI,Boise Air Terminal/Gowen Field,US,43.564400,-116.223000
BOJ,Burgas Airport,BG,42.569917,27.515173
BOM,Chhatrapati Shivaji Maharaj International Airport,IN,19.088699,72.867897
BON,Flamingo International Airport,BQ,12.131000,-68.268501
BOO,Bodø Airport,NO,67.269203,14.365300
BOR,Bokeo International Airport,LA,20.323986,100.165392
BOS,Boston Logan International Airport,US,42.361970,-71.007900
BOT,Bosset Airport,PG,-7.237257,141.106322
BOY,Bobo Dioulasso Airport,BF,11.160100,-4.330970
BPE,Qinhuangdao Beidaihe Airport,CN,39.666384,119.061384
BPL,Bole Alashankou Airport,CN,44.895461,82.300070
BPN,Sultan Aji Muhammad Sulaiman Sepinggan International Airport,ID,-1.268342,116.894520
BPS,Porto Seguro International Airport,BR,-16.438426,-39.080584
BPT,Jack Brooks Regional Airport,US,29.950800,-94.020699
BPX,Qamdo Bangda Airport,CN,30.553600,97.108299
BPY,Besalampy Airport,MG,-16.744530,44.482484
BQB,Busselton Margaret River Regional Airport,AU,-33.687222,115.400278
BQG,Bogorodskoye Airport,RU,52.381041,140.449378
BQJ,Batagay Airport,RU,67.648003,134.695007
BQK,Brunswick Golden Isles Airport,US,31.258801,-81.466499
BQL,Boulia Airport,AU,-22.913300,139.899994
BQN,Rafael Hernández International Airport,PR,18.494900,-67.129402
BQS,Ignatyevo Airport,RU,50.426723,127.415502
BQT,Brest International Airport,BY,52.108138,23.896760
BQU,J F Mitchell Airport,VC,12.988400,-61.262001
BRA,Dom Ricardo Weberberger Airport,BR,-12.078900,-45.008999
BRC,Teniente Luis Candelaria International Airport,AR,-41.151199,-71.157501
BRD,Brainerd Lakes Regional Airport,US,46.402861,-94.129727
BRE,Bremen Airport,DE,53.046786,8.789320
BRI,Bari Karol Wojtyła International Airport,IT,41.138901,16.760599
BRK,Bourke Airport,AU,-30.039200,145.951996
BRL,Southeast Iowa Regional Airport,US,40.783199,-91.125504
BRM,Jacinto Lara International Airport,VE,10.042747,-69.358620
BRN,Bern Airport,CH,46.912736,7.498819
BRO,Brownsville South Padre Island International Airport,US,25.907238,-97.425235
BRQ,Brno-Tuřany Airport,CZ,49.151276,16.693972
BRR,Barra Airport,GB,57.022800,-7.443060
BRS,Bristol Airport,GB,51.382326,-2.716453
BRU,Brussels Airport,BE,50.901402,4.484440
BRW,Wiley Post Will Rogers Memorial Airport,US,71.285402,-156.766008
BRX,Maria Montez International Airport,DO,18.251499,-71.120399
BSA,Bender Qassim International Airport,SO,11.275235,49.139231
BSB,Presidente Juscelino Kubitschek International Airport,BR,-15.869167,-47.920834
BSC,José Celestino Mutis Airport,CO,6.202920,-77.394700
BSD,Baoshan Yunrui Airport,CN,25.053301,99.168297
BSG,Bata International Airport,GQ,1.905470,9.805680
BSK,Biskra - Mohamed Khider Airport,DZ,34.793180,5.738899
BSL,EuroAirport Basel–Mulhouse–Freiburg,FR,47.600680,7.521117
BSO,Basco Airport,PH,20.451300,121.980003
BSR,Basra International Airport,IQ,30.549101,47.662102
BSX,Pathein Airport,MM,16.815201,94.779900
BSZ,Manas International Airport,KG,43.061298,74.477600
BTC,Batticaloa International Airport,LK,7.705073,81.677163
BTH,Hang Nadim International Airport,ID,1.121030,104.119003
BTI,Barter Island Long Range Radar Station Airport,US,70.134003,-143.582001
BTJ,Sultan Iskandar Muda International Airport,ID,5.525087,95.419970
BTK,Bratsk Airport,RU,56.369600,101.701822
BTM,Bert Mooney Airport,US,45.954800,-112.497002
BTR,Baton Rouge Metropolitan Airport,US,30.533199,-91.149597
BTS,M. R. Štefánik Airport,SK,48.170200,17.212700
BTT,Bettles Airport,US,66.913902,-151.529007
BTU,Bintulu Airport,MY,3.123850,113.019997
BTV,Patrick Leahy Burlington International Airport,US,44.471901,-73.153297
BTW,Bersujud Airport,ID,-3.412410,115.995003
BUA,Buka Airport,PG,-5.422299,154.672698
BUC,Burketown Airport,AU,-17.748600,139.533997
BUD,Budapest Liszt Ferenc International Airport,HU,47.430180,19.262393
BUF,Buffalo Niagara International Airport,US,42.940498,-78.732201
BUI,Bokondini Airport,ID,-3.684550,138.677437
BUN,Gerardo Tobar López Airport,CO,3.819630,-76.989800
BUQ,Joshua Mqabuko Nkomo International Airport,ZW,-20.016284,28.622897
BUR,Hollywood Burbank/Bob Hope Airport,US,34.202834,-118.358050
BUS,Alexander Kartveli Batumi International Airport,GE,41.609390,41.600315
BUT,Bathpalathang Airport,BT,27.562200,90.747100
BUU,Muara Bungo Airport,ID,-1.541635,102.181613
BUX,Bunia Airport,CD,1.565743,30.220685
BUZ,Bushehr Airport,IR,28.944799,50.834599
BVA,Beauvais-Tillé airport,FR,49.454399,2.112780
BVB,Atlas Brasil Cantanhede International Airport,BR,2.846150,-60.690648
BVC,Aristides Pereira International Airport,CV,16.136499,-22.888901
BVE,Brive Souillac airport,FR,45.039722,1.485556
BVG,Berlevåg Airport,NO,70.871517,29.034097
BVH,Brigadeiro Camarão Airport,BR,-12.694400,-60.098301
BVI,Birdsville Airport,AU,-25.897499,139.348007
BVJ,Bovanenkovo Airport,RU,70.315278,68.333611
BVS,Breves Airport,BR,-1.636530,-50.443600
BWA,Gautam Buddha International Airport,NP,27.504636,83.410381
BWI,Baltimore/Washington International Thurgood Marshall Airport,US,39.175400,-76.668297
BWK,Brač Airport,HR,43.284454,16.678362
BWN,Brunei International Airport,BN,4.944200,114.928001
BWO,Balakovo Airport,RU,51.858299,47.745602
BWT,Wynyard Airport,AU,-40.997039,145.726000
BWX,Banyuwangi Airport,ID,-8.310150,114.340100
BXG,Bendigo Airport,AU,-36.739399,144.330002
BXH,Balkhash Airport,KZ,46.894246,75.004533
BXR,Bam Airport,IR,29.084200,58.450001
BXT,LNG Badak Airport,ID,0.121656,117.476558
BXU,Bancasi Airport,PH,8.951500,125.478800
BXY,Baikonur Krayniy International Airport,KZ,45.621994,63.210773
BYK,Bouaké Airport,CI,7.738800,-5.073670
BYM,Carlos Manuel de Cespedes Airport,CU,20.396400,-76.621399
BYN,Bayankhongor Airport,MN,46.163300,100.704002
BYO,Bonito Airport,BR,-21.247300,-56.452399
BYR,Læsø Airport,DK,57.277199,11.000100
BYW,Blakely Island Airport,US,48.579162,-122.823844
BZE,Philip S. W. Goldson International Airport,BZ,17.539951,-88.303556
BZG,Ignacy Jan Paderewski Bydgoszcz Airport,PL,53.096802,17.977699
BZI,Balıkesir Airport,TR,39.619301,27.926001
BZL,Barisal Airport,BD,22.801001,90.301201
BZN,Bozeman Yellowstone International Airport,US,45.778853,-111.153711
BZO,Bolzano Airport,IT,46.459245,11.326125
BZR,Béziers Vias airport,FR,43.323502,3.353900
BZV,Maya-Maya International Airport,CG,-4.251700,15.253000
BZX,Bazhong Enyang Airport,CN,31.738420,106.644872
CAB,Cabinda Airport,AO,-5.598390,12.188145
CAC,Coronel Adalberto Mendes da Silva Airport,BR,-25.000323,-53.501208
CAE,Columbia Metropolitan Airport,US,33.938172,-81.123022
CAF,Carauari Airport,BR,-4.871473,-66.897552
CAG,Cagliari Elmas Airport,IT,39.251499,9.054280
CAH,Cà Mau Airport,VN,9.177667,105.177778
CAI,Cairo International Airport,EG,30.111534,31.396694
CAJ,Canaima Airport,VE,6.231989,-62.854850
CAK,Akron Canton Regional Airport,US,40.916100,-81.442200
CAL,Campbeltown Airport,GB,55.437199,-5.686390
CAN,Guangzhou Baiyun International Airport,CN,23.392401,113.299004
CAP,Cap Haitien International Airport,HT,19.725547,-72.200710
CAT,Cascais Airport,PT,38.724998,-9.355230
CAU,Caruaru Airport,BR,-8.282390,-36.013500
CAW,Bartolomeu Lisandro Airport,BR,-21.698299,-41.301701
CAY,Cayenne – Félix Eboué Airport,GF,4.819964,-52.361326
CAZ,Cobar Airport,AU,-31.538300,145.794006
CBB,Jorge Wilsterman International Airport,BO,-17.421105,-66.177102
CBH,Béchar Boudghene Ben Ali Lotfi Airport,DZ,31.645700,-2.269860
CBO,Cotabato (Awang) Airport,PH,7.164753,124.209938
CBQ,Margaret Ekpo International Airport,NG,4.976020,8.347200
CBR,Canberra Airport,AU,-35.306900,149.195007
CBT,Catumbela Airport,AO,-12.479200,13.486900
CCA,Chimore Airport,BO,-16.976834,-65.145568
CCC,Jardines Del Rey Airport,CU,22.461000,-78.328400
CCE,Capital International Airport,EG,30.064650,31.839974
CCF,Carcassonne Salvaza Airport,FR,43.216000,2.306320
CCJ,Calicut International Airport,IN,11.135996,75.955152
CCK,Cocos (Keeling) Islands Airport,CC,-12.192218,96.834103
CCP,Carriel Sur International Airport,CL,-36.772350,-73.062828
CCR,Buchanan Field,US,37.989700,-122.056999
CCS,Maiquetía Simón Bolívar International Airport,VE,10.602214,-66.991174
CCU,Netaji Subhash Chandra Bose International Airport,IN,22.654012,88.447650
CCV,Craig Cove Airport,VU,-16.264999,167.923996
CCZ,Chub Cay Airport,BS,25.417101,-77.880898
CDB,Cold Bay Airport,US,55.207871,-162.725029
CDC,Cedar City Regional Airport,US,37.701000,-113.098999
CDE,Chengde Puning Airport,CN,41.122500,118.073889
CDG,Charles de Gaulle International Airport,FR,49.008960,2.554117
CDP,Kadapa Airport,IN,14.513154,78.769183
CDR,Chadron Municipal Airport,US,42.837601,-103.095001
CDT,Castellón-Costa Azahar Airport,ES,40.213889,0.073333
CDV,Merle K (Mudhole) Smith Airport,US,60.491798,-145.477997
CEB,Mactan Cebu International Airport,PH,10.309261,123.979740
CEC,Jack Mc Namara Field Airport,US,41.778929,-124.236403
CED,Ceduna Airport,AU,-32.130600,133.710007
CEE,Cherepovets Airport,RU,59.273602,38.015800
CEI,Mae Fah Luang - Chiang Rai International Airport,TH,19.952299,99.882896
CEK,Kurchatov Chelyabinsk International Airport,RU,55.303141,61.504927
CEL,Canela Airport,BR,-29.370091,-50.831729
CEM,Central Airport,US,65.573815,-144.780707
CEN,Ciudad Obregón International Airport,MX,27.392599,-109.833000
CEZ,Cortez Municipal Airport,US,37.303001,-108.627998
CFB,Cabo Frio Airport,BR,-22.921485,-42.071874
CFE,Clermont-Ferrand Auvergne airport,FR,45.786701,3.169170
CFG,Jaime Gonzalez Airport,CU,22.150000,-80.414200
CFK,Chlef Aboubakr Belkaid International Airport,DZ,36.216614,1.341114
CFN,Donegal Airport,IE,55.044201,-8.341000
CFR,Caen Carpiquet airport,FR,49.176780,-0.454883
CFS,Coffs Harbour Airport,AU,-30.320601,153.115997
CFU,Corfu Ioannis Kapodistrias International Airport,GR,39.601450,19.912179
CGA,Craig Seaplane Base,US,55.478802,-133.147995
CGB,Várzea Grande–Marechal Rondon International Airport,BR,-15.652900,-56.116699
CGD,Changde Taohuayuan Airport,CN,28.918900,111.639999
CGH,Congonhas–Deputado Freitas Nobre Airport,BR,-23.627657,-46.654601
CGI,Cape Girardeau Regional Airport,US,37.225300,-89.570801
CGK,Soekarno-Hatta International Airport,ID,-6.125570,106.655998
CGM,Camiguin Airport,PH,9.253894,124.709115
CGN,Cologne Bonn Airport,DE,50.865898,7.142740
CGO,Zhengzhou Xinzheng International Airport,CN,34.526497,113.849165
CGP,Shah Amanat International Airport,BD,22.249599,91.813301
CGQ,Changchun Longjia International Airport,CN,43.996201,125.684998
CGR,Campo Grande Airport,BR,-20.469998,-54.673988
CGY,Laguindingan International Airport,PH,8.612203,124.456496
CHA,Chattanooga Metropolitan Airport (Lovell Field),US,35.035301,-85.203796
CHC,Christchurch International Airport,NZ,-43.489029,172.532065
CHE,Tallinn Linnahall Heliport,EE,59.448015,24.753313
CHG,Chaoyang Airport,CN,41.538101,120.434998
CHH,Chachapoyas Airport,PE,-6.201911,-77.856195
CHM,FAP Lieutenant Jaime Andres de Montreuil Morales Airport,PE,-9.149610,-78.523804
CHO,Charlottesville Albemarle Airport,US,38.138599,-78.452904
CHQ,Chania International Airport,GR,35.531207,24.150673
CHS,Charleston International Airport,US,32.896159,-80.038151
CHT,Inia William Tuuta Memorial Airport,NZ,-43.811890,-176.465140
CHU,Chuathbaluk Airport,US,61.579102,-159.216003
CHX,Changuinola Captain Manuel Niño International Airport,PA,9.458962,-82.515062
CHY,Choiseul Bay Airport,SB,-6.711944,156.396111
CIA,Ciampino–G. B. Pastine International Airport,IT,41.798769,12.595331
CID,The Eastern Iowa Airport,US,41.884701,-91.710800
CIF,Chifeng Yulong Airport,CN,42.159723,118.840971
CIH,Changzhi Wangcun Airport,CN,36.247501,113.125999
CIJ,Capitán Aníbal Arab Airport,BO,-11.039109,-68.782774
CIK,Chalkyitsik Airport,US,66.644997,-143.740005
CIT,Shymkent International Airport,KZ,42.365021,69.475640
CIU,Chippewa County International Airport,US,46.242038,-84.462082
CIW,Canouan Airport,VC,12.699000,-61.342400
CIX,Capitán FAP José A. Quiñones González International Airport,PE,-6.789223,-79.828254
CIY,Comiso Airport,IT,36.995830,14.608890
CJA,Mayor General FAP Armando Revoredo Iglesias Airport,PE,-7.139180,-78.489403
CJB,Coimbatore International Airport,IN,11.030000,77.043404
CJC,El Loa Airport,CL,-22.498199,-68.903603
CJJ,Cheongju International Airport/Cheongju Air Base (K-59/G-513),KR,36.715560,127.500289
CJL,Chitral Airport,PK,35.886213,71.799922
CJM,Chumphon Airport,TH,10.711200,99.361702
CJN,Nusawiru Airport,ID,-7.719895,108.488995
CJS,Abraham González International Airport,MX,31.636673,-106.428533
CJU,Jeju International Airport,KR,33.512058,126.492548
CJZ,Pedro Vieira Moreira Airport,BR,-6.882700,-38.615830
CKB,North Central West Virginia Airport,US,39.296600,-80.228104
CKD,Crooked Creek Airport,US,61.870315,-158.137636
CKG,Chongqing Jiangbei International Airport,CN,29.712254,106.651895
CKH,Chokurdakh Airport,RU,70.623100,147.901993
CKS,Carajás Airport,BR,-6.117841,-50.003372
CKW,Christmas Creek Airport,AU,-22.354302,119.642603
CKX,Chicken Airport,US,64.066495,-141.951342
CKY,Ahmed Sékou Touré International Airport,GN,9.576890,-13.612000
CKZ,Çanakkale Airport,TR,40.137699,26.426800
CLD,McClellan-Palomar Airport,US,33.128300,-117.279999
CLE,Cleveland Hopkins International Airport,US,41.411701,-81.849800
CLJ,Avram Iancu Cluj International Airport,RO,46.786042,23.685733
CLL,Easterwood Field,US,30.588600,-96.363800
CLO,Alfonso Bonilla Aragon International Airport,CO,3.542717,-76.381898
CLP,Clarks Point Airport,US,58.833698,-158.529007
CLQ,Licenciado Miguel de la Madrid International Airport,MX,19.277000,-103.577002
CLT,Charlotte Douglas International Airport,US,35.214001,-80.943100
CLV,Nelson Ribeiro Guimarães Airport,BR,-17.725096,-48.606324
CLY,Calvi Sainte Catherine Airport,FR,42.530422,8.792984
CMA,Cunnamulla Airport,AU,-28.030001,145.621994
CMB,Bandaranaike International Colombo Airport,LK,7.180760,79.884102
CME,Ciudad del Carmen International Airport,MX,18.651516,-91.799355
CMF,Chambéry Aix les Bains airport,FR,45.638100,5.880230
CMG,Corumbá International Airport,BR,-19.011930,-57.672772
CMH,John Glenn Columbus International Airport,US,39.998001,-82.891899
CMI,University of Illinois Willard Airport,US,40.039819,-88.276249
CMN,Mohammed V International Airport,MA,33.367500,-7.589970
CMU,Chimbu Airport,PG,-6.024290,144.970993
CMW,Ignacio Agramonte International Airport,CU,21.419909,-77.848039
CMX,Houghton County Memorial Airport,US,47.168400,-88.489098
CNB,Coonamble Airport,AU,-30.980946,148.377833
CNC,Coconut Island Airport,AU,-10.050139,143.070007
CND,Mihail Kogălniceanu International Airport,RO,44.362202,28.488300
CNF,Tancredo Neves International Airport,BR,-19.635710,-43.966928
CNI,Changhai Dachangshandao Airport,CN,39.266441,122.666960
CNJ,Cloncurry Airport,AU,-20.668600,140.503998
CNM,Cavern City Air Terminal,US,32.337502,-104.263000
CNN,Kannur International Airport,IN,11.916343,75.544979
CNP,Neerlerit Inaat Airport,GL,70.743103,-22.650499
CNQ,Corrientes Airport,AR,-27.445500,-58.761900
CNS,Cairns International Airport,AU,-16.878921,145.749480
CNX,Chiang Mai International Airport,TH,18.766800,98.962601
CNY,Canyonlands Regional Airport,US,38.755001,-109.754997
COD,Yellowstone Regional Airport,US,44.520199,-109.024002
COK,Cochin International Airport,IN,10.151047,76.400838
COL,Coll Airport,GB,56.601898,-6.617780
COO,Cotonou Cadjehoun International Airport,BJ,6.357230,2.384350
COQ,Choibalsan Airport,MN,48.135381,114.647231
COR,Ingeniero Aeronáutico Ambrosio L.V. Taravella International Airport,AR,-31.312346,-64.208329
COS,City of Colorado Springs Municipal Airport,US,38.805801,-104.700996
COU,Columbia Regional Airport,US,38.818100,-92.219597
COV,Çukurova International Airport,TR,36.891478,35.071235
CPC,Aviador C. Campos Airport,AR,-40.075401,-71.137299
CPD,Coober Pedy Airport,AU,-29.038312,134.722166
CPE,Ingeniero Alberto Acuña Ongay International Airport,MX,19.815969,-90.500125
CPH,Copenhagen Kastrup Airport,DK,55.617901,12.656000
CPO,Desierto de Atacama Airport,CL,-27.261200,-70.779198
CPR,Casper-Natrona County International Airport,US,42.907381,-106.461609
CPT,Cape Town International Airport,ZA,-33.974030,18.604333
CPV,Presidente João Suassuna Airport,BR,-7.269662,-35.896057
CPX,Benjamin Rivera Noriega Airport,PR,18.312954,-65.303893
CQW,Chongqing Xiannüshan Airport,CN,29.465658,107.693664
CRA,Craiova International Airport,RO,44.318100,23.888599
CRD,General Enrique Mosconi International Airport,AR,-45.786941,-67.463355
CRI,Colonel Hill Airport,BS,22.745600,-74.182404
CRK,Clark International Airport / Clark Air Base,PH,15.186000,120.559998
CRL,Brussels South Charleroi Airport,BE,50.461963,4.459562
CRM,Catarman National Airport,PH,12.501610,124.635258
CRP,Corpus Christi International Airport,US,27.770399,-97.501198
CRU,Lauriston Airport,GD,12.476100,-61.472801
CRV,Crotone Sant'Anna Pythagoras Airport,IT,38.997200,17.080200
CRW,Yeager Airport,US,38.373100,-81.593201
CRZ,Türkmenabat International Airport,TM,38.930662,63.563982
CSA,Colonsay Airstrip,GB,56.057499,-6.243060
CSG,Columbus Airport,US,32.516415,-84.939602
CSH,Solovki Airport,RU,65.029996,35.730558
CSK,Cap Skirring Airport,SN,12.395330,-16.748000
CSW,Cabo San Lucas International Airport,MX,22.949072,-109.939479
CSX,Changsha Huanghua International Airport,CN,28.189199,113.220001
CSY,Cheboksary Airport,RU,56.090302,47.347301
CTA,Catania-Fontanarossa Airport,IT,37.466801,15.066400
CTC,Coronel Felipe Varela International Airport,AR,-28.593117,-65.751200
CTD,Alonso Valderrama Airport,PA,7.987840,-80.409837
CTG,Rafael Nuñez International Airport,CO,10.442400,-75.513000
CTL,Charleville Airport,AU,-26.413300,146.261993
CTM,Chetumal International Airport,MX,18.504985,-88.328018
CTN,Cooktown Airport,AU,-15.443649,145.183221
CTS,New Chitose Airport,JP,42.774753,141.690414
CTU,Chengdu Shuangliu International Airport,CN,30.558257,103.945966
CUA,Ciudad Constitución National Airport,MX,25.053801,-111.614998
CUC,Camilo Daza International Airport,CO,7.927570,-72.511500
CUE,Mariscal Lamar Airport,EC,-2.889470,-78.984398
CUF,Cuneo International Airport,IT,44.547458,7.623045
CUK,Caye Caulker Airport,BZ,17.735015,-88.032862
CUL,Bachigualato Federal International Airport,MX,24.765040,-107.475228
CUM,Antonio José de Sucre Airport,VE,10.450333,-64.130470
CUN,Cancún International Airport,MX,21.040817,-86.873470
CUP,General Francisco Bermúdez Airport,VE,10.660014,-63.261681
CUQ,Coen Airport,AU,-13.761133,143.113311
CUR,Hato International Airport,CW,12.188900,-68.959801
CUU,General Roberto Fierro Villalobos International Airport,MX,28.702649,-105.963764
CUZ,Alejandro Velasco Astete International Airport,PE,-13.535700,-71.938797
CVG,Cincinnati Northern Kentucky International Airport,US,39.048801,-84.667801
CVM,General Pedro Jose Mendez International Airport,MX,23.703300,-98.956497
CVN,Clovis Municipal Airport,US,34.426594,-103.078794
CVQ,Carnarvon Airport,AU,-24.884337,113.666393
CVU,Corvo Airport,PT,39.671501,-31.113600
CWA,Central Wisconsin Airport,US,44.777448,-89.670238
CWB,Curitiba-Afonso Pena International Airport,BR,-25.528500,-49.175800
CWJ,Cangyuan Washan Airport,CN,23.276331,99.373169
CWL,Cardiff International Airport,GB,51.396702,-3.343330
CWS,Center Island Airport,US,48.490046,-122.831612
CXB,Cox's Bazar Airport,BD,21.457517,91.963263
CXH,Vancouver Harbour Water Aerodrome,CA,49.290739,-123.118541
CXI,Cassidy International Airport,KI,1.986278,-157.350011
CXJ,Hugo Cantergiani Regional Airport,BR,-29.197183,-51.187647
CXP,Tunggul Wulung Airport,ID,-7.645060,109.033997
CXR,Cam Ranh International Airport / Cam Ranh Air Base,VN,11.998200,109.219002
CYA,Antoine-Simon International Airport,HT,18.271099,-73.788300
CYB,Charles Kirkconnell International Airport,KY,19.687000,-79.882797
CYC,Caye Chapel Airport,BZ,17.683792,-88.044985
CYF,Chefornak Airport,US,60.136667,-164.279167
CYI,Chiayi Airport,TW,23.462577,120.390544
CYM,Chatham Seaplane Base,US,57.514900,-134.945999
CYO,Vilo Acuña International Airport,CU,21.616501,-81.545998
CYP,Calbayog Airport,PH,12.072574,124.545080
CYS,Cheyenne Regional Jerry Olson Field,US,41.155701,-104.811997
CYT,Yakataga Airport,US,60.080974,-142.494541
CYU,Cuyo Airport,PH,10.858100,121.069000
CYX,Cherskiy Airport,RU,68.740601,161.337997
CYZ,Cauayan Airport,PH,16.929899,121.752998
CZE,José Leonardo Chirinos Airport,VE,11.414944,-69.680901
CZH,Corozal Airport,BZ,18.382200,-88.411903
CZL,Mohamed Boudiaf International Airport,DZ,36.276001,6.620390
CZM,Cozumel International Airport,MX,20.514922,-86.928538
CZS,Cruzeiro do Sul Airport,BR,-7.599910,-72.769501
CZU,Las Brujas Airport,CO,9.332740,-75.285600
CZX,Changzhou Benniu International Airport,CN,31.920485,119.775460
DAB,Daytona Beach International Airport,US,29.182550,-81.059464
DAC,Hazrat Shahjalal International Airport,BD,23.843347,90.397783
DAD,Da Nang International Airport,VN,16.043900,108.198997
DAL,Dallas Love Field,US,32.844776,-96.847653
DAM,Damascus International Airport,SY,33.411499,36.515598
DAR,Julius Nyerere International Airport,TZ,-6.873499,39.207288
DAT,Datong Yungang International Airport,CN,40.061390,113.480509
DAU,Daru Airport,PG,-9.086760,143.207993
DAV,Enrique Malek International Airport,PA,8.388983,-82.436425
DAX,Dachuan Airport,CN,31.130200,107.429500
DAY,James M. Cox Dayton International Airport,US,39.902401,-84.219398
DBA,Dalbandin Airport,PK,28.878300,64.399803
DBB,El Alamein International Airport,EG,30.924324,28.461610
DBC,Baicheng Chang'an Airport,CN,45.505278,123.019722
DBM,Debre Markos Airport,ET,10.321501,37.741887
DBO,Dubbo City Regional Airport,AU,-32.216702,148.574997
DBQ,Dubuque Regional Airport,US,42.402000,-90.709503
DBR,Darbhanga Airport,IN,26.192801,85.916901
DBV,Dubrovnik Ruđer Bošković Airport,HR,42.562247,18.265543
DCA,Ronald Reagan Washington National Airport,US,38.852100,-77.037697
DCF,Canefield Airport,DM,15.336693,-61.392108
DCM,Castres Mazamet Airport,FR,43.556301,2.289180
DCY,Daocheng Yading Airport,CN,29.316320,100.060317
DDC,Dodge City Regional Airport,US,37.763401,-99.965599
DDG,Dandong Langtou International Airport,CN,40.025453,124.286690
DDR,Shigatse Tingri Airport,CN,28.604567,86.798000
DEA,Dera Ghazi Khan Airport,PK,29.961000,70.485901
DEB,Debrecen International Airport,HU,47.489469,21.616278
DEC,Decatur Airport,US,39.834599,-88.865700
DED,Dehradun Jolly Grant Airport,IN,30.189243,78.176651
DEE,Yuzhno-Kurilsk Mendeleyevo Airport,RU,43.961066,145.684977
DEF,Dezful Airport,IR,32.434399,48.397598
DEL,Indira Gandhi International Airport,IN,28.555630,77.095190
DEM,Dembidollo Airport,ET,8.554000,34.858002
DEN,Denver International Airport,US,39.860027,-104.673792
DEX,Nop Goliat Dekai Airport,ID,-4.855700,139.482006
DFW,Dallas Fort Worth International Airport,US,32.896801,-97.038002
DGA,Dangriga Airport,BZ,16.982510,-88.230988
DGH,Deoghar Airport,IN,24.446842,86.704955
DGO,General Guadalupe Victoria International Airport,MX,24.125468,-104.527938
DGT,Sibulan Airport,PH,9.334183,123.301910
DHB,Deer Harbor SPB,US,48.616667,-123.002778
DHM,Kangra Airport,IN,32.164902,76.263018
DHN,Dothan Regional Airport,US,31.321301,-85.449600
DHX,Dhoho International Airport,ID,-7.749527,111.946831
DIA,Doha International Airport,QA,25.259431,51.565528
DIB,Dibrugarh Airport,IN,27.483900,95.016899
DIE,Arrachart Airport,MG,-12.349400,49.291698
DIG,Diqing Shangri-La Airport,CN,27.793600,99.677200
DIK,Dickinson Theodore Roosevelt Regional Airport,US,46.797533,-102.801905
DIL,Presidente Nicolau Lobato International Airport,TL,-8.546562,125.524507
DIN,Dien Bien Phu Airport,VN,21.397499,103.008003
DIO,Diomede Heliport,US,65.758367,-168.953676
DIR,Aba Tenna Dejazmach Yilma International Airport,ET,9.623549,41.855027
DIU,Diu Airport,IN,20.714185,70.921855
DIY,Diyarbakır Airport,TR,37.893902,40.201000
DJB,Sultan Thaha Airport,ID,-1.638685,103.645063
DJE,Djerba Zarzis International Airport,TN,33.873719,10.777300
DJG,Tiska Djanet Airport,DZ,24.285448,9.463652
DJJ,Dortheys Hiyo Eluay International Airport,ID,-2.579627,140.519857
DJT,President Donald J. Trump International Airport,US,26.683201,-80.095596
DKA,Umaru Musa Yar'adua Airport,NG,13.007800,7.660450
DLA,Douala International Airport,CM,4.006080,9.719480
DLC,Dalian Zhoushuizi International Airport,CN,38.965719,121.538477
DLE,Dole Tavaux Airport,FR,47.038955,5.427589
DLG,Dillingham Airport,US,59.044701,-158.505005
DLH,Duluth International Airport,US,46.841873,-92.198746
DLI,Lien Khuong Airport,VN,11.750556,108.366997
DLM,Dalaman International Airport,TR,36.713100,28.792500
DLR,Dalnerechensk Airport,RU,45.879857,133.737629
DLU,Dali Fengyi Airport,CN,25.649401,100.319000
DLZ,Dalanzadgad Airport,MN,43.608628,104.367734
DMB,Taraz International Airport,KZ,42.853600,71.303596
DMD,Doomadgee Airport,AU,-17.940300,138.822006
DME,Domodedovo International Airport,RU,55.408798,37.906300
DMK,Don Mueang International Airport,TH,13.912600,100.607002
DMM,King Fahd International Airport,SA,26.469100,49.798209
DMU,Dimapur Airport,IN,25.883900,93.771103
DND,Dundee Airport,GB,56.452499,-3.025830
DNH,Dunhuang Mogao International Airport,CN,40.161953,94.812827
DNZ,Çardak Airport,TR,37.785599,29.701300
DOD,Dodoma Airport,TZ,-6.170559,35.756036
DOG,Dongola Airport,SD,19.153666,30.430069
DOH,Hamad International Airport,QA,25.273056,51.608056
DOL,Deauville Normandie airport,FR,49.365237,0.154481
DOM,Douglas-Charles Airport,DM,15.546673,-61.301082
DOP,Dolpa Airport,NP,28.985659,82.818703
DOV,Dover Civil Air Terminal/Dover Air Force Base,US,39.129501,-75.466003
DOY,Dongying Shengli Airport,CN,37.501370,118.789863
DPL,Dipolog Airport,PH,8.601983,123.341875
DPO,Devonport Airport,AU,-41.169701,146.429993
DPS,Denpasar I Gusti Ngurah Rai International Airport,ID,-8.748409,115.167123
DPT,Deputatskiy Airport,RU,69.392503,139.890012
DQA,Daqing Sartu Airport,CN,46.750883,125.138642
DQM,Duqm International Airport,OM,19.501944,57.634167
DRG,Deering Airport,US,66.068901,-162.766914
DRJ,Drietabbetje Airport,SR,4.111359,-54.672766
DRO,Durango La Plata County Airport,US,37.151501,-107.753998
DRP,Bicol International Airport,PH,13.111915,123.676829
DRS,Dresden Airport,DE,51.134123,13.767831
DRV,Dharavandhoo Airport,MV,5.156100,73.130200
DRW,Darwin International Airport / RAAF Darwin,AU,-12.414970,130.881850
DSD,La Désirade Airport,GP,16.296902,-61.084400
DSE,Kombolcha Airport,ET,11.109750,39.725911
DSI,Destin Executive Airport,US,30.400101,-86.471497
DSM,Des Moines International Airport,US,41.534027,-93.656719
DSN,Ordos Ejin Horo International Airport,CN,39.493514,109.859900
DSO,Sondok Airport,KP,39.745201,127.473999
DSS,Blaise Diagne International Airport,SN,14.670878,-17.072829
DSY,Dara Sakor International Airport,KH,10.914244,103.226652
DTB,Silangit Airport,ID,2.259730,98.991898
DTD,Datadawai Airport,ID,0.807028,114.529052
DTM,Dortmund Airport,DE,51.518299,7.612240
DTR,Decatur Shores Airport,US,48.500171,-122.813973
DTU,Wudalianchi Dedu Airport,CN,48.441037,126.128374
DTW,Detroit Metropolitan Wayne County Airport,US,42.213770,-83.353786
DUB,Dublin Airport,IE,53.428713,-6.262121
DUD,Dunedin International Airport,NZ,-45.929017,170.197758
DUE,Dundo Airport,AO,-7.400890,20.818501
DUJ,DuBois Regional Airport,US,41.178299,-78.898697
DUM,Pinang Kampai Airport,ID,1.609026,101.433493
DUR,King Shaka International Airport,ZA,-29.614444,31.119722
DUS,Düsseldorf Airport,DE,51.289501,6.766780
DUT,Tom Madsen (Dutch Harbor) Airport,US,53.898810,-166.544996
DVL,Devils Lake Regional Airport,US,48.115454,-98.908796
DVO,Francisco Bangoy International Airport,PH,7.125520,125.646004
DWB,Soalala Airport,MG,-16.101690,45.358837
DWC,Al Maktoum International Airport,AE,24.896171,55.162350
DWD,Dawadmi Domestic Airport,SA,24.449900,44.121201
DWO,Diyawanna Oya Seaplane Base,LK,6.906585,79.909000
DXB,Dubai International Airport,AE,25.249790,55.370992
DXJ,Xiangxi Biancheng Airport,CN,28.497200,109.521800
DXN,Noida International Airport,IN,28.179868,77.611843
DYG,Zhangjiajie Hehua International Airport,CN,29.104749,110.442786
DYR,Ugolny Yuri Ryktheu Airport,RU,64.734902,177.740997
DYU,Dushanbe International Airport,TJ,38.543746,68.822977
DZA,Dzaoudzi Pamandzi International Airport,YT,-12.809319,45.281815
DZH,Dazhou Jinya Airport,CN,31.048815,107.435646
DZN,Zhezkazgan National Airport,KZ,47.708953,67.738094
EAA,Eagle Airport,US,64.778003,-141.150455
EAM,Najran Domestic Airport,SA,17.611401,44.419201
EAR,Kearney Regional Airport,US,40.727001,-99.006798
EAS,San Sebastián Airport,ES,43.356499,-1.790610
EAT,Pangborn Memorial Airport,US,47.398899,-120.207001
EAU,Chippewa Valley Regional Airport,US,44.865799,-91.484299
EAX,Eduard Alexander Gummels Airport,SR,5.863807,-55.189504
EBA,Marina di Campo Airport,IT,42.760871,10.239811
EBB,Entebbe International Airport,UG,0.042386,32.443501
EBD,El-Obeid Airport,SD,13.153200,30.232700
EBH,El Bayadh Airport,DZ,33.721667,1.092500
EBJ,Esbjerg Airport,DK,55.525902,8.553400
EBL,Erbil International Airport,IQ,36.236047,43.946615
ECN,Ercan International Airport,CY,35.153064,33.507352
ECP,Northwest Florida Beaches International Airport,US,30.357106,-85.795414
EDA,Edna Bay Seaplane Base,US,55.949653,-133.661012
EDI,Edinburgh Airport,GB,55.950145,-3.372288
EDL,Eldoret International Airport,KE,0.404458,35.238899
EDO,Balıkesir Koca Seyit Airport,TR,39.552533,27.010192
EDR,Pormpuraaw Airport,AU,-14.896451,141.609080
EEK,Eek Airport,US,60.213173,-162.044048
EFL,Kefallinia Airport,GR,38.120098,20.500500
EGC,Bergerac Dordogne-Périgord airport,FR,44.825298,0.518611
EGE,Eagle County Regional Airport,US,39.642601,-106.917999
EGS,Egilsstaðir Airport,IS,65.283302,-14.401400
EGX,Egegik Airport,US,58.184386,-157.374873
EHU,Ezhou Huahu International Airport,CN,30.341178,115.039260
EIE,Yeniseysk Airport,RU,58.474201,92.112503
EIN,Eindhoven Airport,NL,51.450100,5.374530
EIS,Terrance B. Lettsome International Airport,VG,18.445492,-64.541707
EJA,Yariguíes Airport,CO,7.024330,-73.806800
EJH,Al Wajh Domestic Airport,SA,26.198601,36.476398
EJT,Enejit Airport,MH,6.040400,171.984600
EKO,Elko Regional Airport,US,40.824902,-115.792000
EKS,Shakhtyorsk Airport,RU,49.190300,142.082993
ELC,Elcho Island Airport,AU,-12.019400,135.570999
ELD,South Arkansas Regional Airport at Goodwin Field,US,33.221001,-92.813301
ELF,El Fasher Airport,SD,13.614900,25.324600
ELG,El Golea Airport,DZ,30.580732,2.861595
ELH,North Eleuthera Airport,BS,25.475823,-76.680784
ELI,Elim Airport,US,64.614700,-162.272003
ELM,Elmira Corning Regional Airport,US,42.159901,-76.891602
ELP,El Paso International Airport,US,31.809908,-106.375607
ELQ,Prince Naif bin Abdulaziz International Airport,SA,26.302799,43.774399
ELS,King Phalo Airport,ZA,-33.035599,27.825899
ELU,Guemar Airport - مطار قمار بالوادي,DZ,33.511398,6.776790
ELV,Elfin Cove Seaplane Base,US,58.195202,-136.347000
EMA,East Midlands Airport,GB,52.831100,-1.328060
EMD,Emerald Airport,AU,-23.567499,148.179001
EME,Emden Airport,DE,53.391109,7.227500
EMK,Emmonak Airport,US,62.786098,-164.490997
ENA,Kenai Municipal Airport,US,60.570946,-151.245174
ENE,H. Hasan Aroeboesman (Ende) Airport,ID,-8.849114,121.661010
ENF,Enontekio Airport,FI,68.362602,23.424299
ENH,Enshi Xujiaping Airport,CN,30.320299,109.485001
ENI,El Nido Airport,PH,11.202399,119.416087
ENO,Teniente Ramon A. Ayub Gonzalez International Airport,PY,-27.227537,-55.837584
ENT,Eniwetok Airport,MH,11.340700,162.328003
ENU,Akanu Ibiam International Airport,NG,6.473718,7.560463
ENY,Yan'an Nanniwan Airport,CN,36.479413,109.464083
EOH,Enrique Olaya Herrera Airport,CO,6.219686,-75.590597
EOI,Eday Airport,GB,59.190601,-2.772220
EPR,Esperance Airport,AU,-33.684399,121.822998
EPU,Pärnu Airport,EE,58.418999,24.472799
EQS,Esquel Brigadier Antonio Parodi International Airport,AR,-42.908001,-71.139503
ERC,Erzincan Airport,TR,39.710201,39.527000
ERF,Erfurt-Weimar Airport,DE,50.978281,10.960713
ERH,Moulay Ali Cherif Airport,MA,31.947500,-4.398330
ERI,Erie International Tom Ridge Field,US,42.083127,-80.173867
ERL,Erenhot Saiwusu International Airport,CN,43.424079,112.091081
ERS,Eros Airport,NA,-22.604920,17.079002
ERZ,Erzurum International Airport,TR,39.956501,41.170200
ESB,Esenboğa International Airport,TR,40.128101,32.995098
ESC,Delta County Airport,US,45.723199,-87.088623
ESD,Orcas Island Airport,US,48.708199,-122.910004
ESL,Elista Airport,RU,46.373901,44.330898
ESM,Carlos Concha Torres International Airport,EC,0.978519,-79.626602
ESR,Ricardo García Posada Airport,CL,-26.311100,-69.765198
ESU,Essaouira-Mogador Airport,MA,31.397499,-9.681670
ETM,Ramon International Airport,IL,29.727009,35.014116
ETR,Santa Rosa - Artillery Colonel Victor Larrea International Airport,EC,-3.441986,-79.996957
ETZ,Metz-Nancy-Lorraine Airport,FR,48.982101,6.251320
EUA,Kaufana Airport,TO,-21.378300,-174.957993
EUG,Eugene Airport,US,44.124599,-123.211998
EUN,Laayoune Hassan I International Airport,EH,27.142467,-13.224947
EUX,F. D. Roosevelt Airport,BQ,17.496500,-62.979401
EVE,Harstad/Narvik Airport,NO,68.491302,16.678101
EVG,Sveg Airport,SE,62.047798,14.422900
EVN,Zvartnots International Airport,AM,40.148941,44.397887
EVV,Evansville Regional Airport,US,38.036999,-87.532402
EWB,New Bedford Regional Airport,US,41.676102,-70.956902
EWN,Coastal Carolina Regional Airport,US,35.073002,-77.042900
EWR,Newark Liberty International Airport,US,40.689400,-74.170545
EXI,Excursion Inlet Seaplane Base,US,58.420502,-135.449005
EXT,Exeter International Airport,GB,50.734261,-3.413984
EYK,Beloyarskiy Airport,RU,63.686901,66.698601
EYP,El Alcaravan - Yopal Airport,CO,5.319110,-72.384000
EYW,Key West International Airport,US,24.556119,-81.759579
EZE,Ezeiza International Airport - Ministro Pistarini,AR,-34.822200,-58.535800
EZS,Elazığ Airport,TR,38.597974,39.283480
FAE,Vágar Airport,FO,62.063256,-7.275782
FAI,Fairbanks International Airport,US,64.815102,-147.856003
FAO,Faro - Gago Coutinho International Airport,PT,37.015909,-7.970939
FAR,Hector International Airport,US,46.920700,-96.815804
FAT,Fresno Yosemite International Airport,US,36.775767,-119.718018
FAV,Fakarava Airport,PF,-16.054100,-145.656998
FAY,Fayetteville Regional Airport - Grannis Field,US,34.991199,-78.880302
FBD,Fayzabad Airport,AF,37.122148,70.520100
FBE,Paulo Abdala Airport,BR,-26.059380,-53.063827
FBM,Lubumbashi International Airport,CD,-11.591494,27.530753
FBS,Friday Harbor Seaplane Base,US,48.537300,-123.010002
FCA,Glacier Park International Airport,US,48.310501,-114.255997
FCN,Sea-Airport Cuxhaven/Nordholz / Nordholz Naval Airbase,DE,53.767689,8.659201
FCO,Rome–Fiumicino Leonardo da Vinci International Airport,IT,41.804532,12.251998
FDE,"Førde Airport, Bringeland",NO,61.391102,5.756940
FDF,Martinique Aimé Césaire International Airport,MQ,14.591000,-61.003201
FDH,Bodensee Airport Friedrichshafen,DE,47.671299,9.511490
FDU,Bandundu Airport,CD,-3.311320,17.381701
FEG,Fergana International Airport,UZ,40.358799,71.745003
FEN,Fernando de Noronha Airport,BR,-3.854534,-32.423017
FEZ,Fes Saïss International Airport,MA,33.927299,-4.977960
FGU,Fangatau Airport,PF,-15.820044,-140.888071
FHZ,Fakahina Airport,PF,-15.992259,-140.164246
FIE,Fair Isle Airport,GB,59.534721,-1.628509
FIH,Ndjili International Airport,CD,-4.385750,15.444600
FIZ,Fitzroy Crossing Airport,AU,-18.183596,125.559783
FJR,Fujairah International Airport,AE,25.108411,56.328061
FKB,Karlsruhe Baden-Baden Airport,DE,48.779400,8.080500
FKI,Bangoka International Airport,CD,0.481639,25.337999
FKQ,Fakfak Airport,ID,-2.920508,132.267011
FKS,Fukushima Airport,JP,37.227402,140.431000
FLA,Gustavo Artunduaga Paredes Airport,CO,1.589190,-75.564400
FLG,Flagstaff Pulliam Airport,US,35.139757,-111.669826
FLL,Fort Lauderdale Hollywood International Airport,US,26.072599,-80.152702
FLN,Hercílio Luz International Airport,BR,-27.670279,-48.552502
FLO,Florence Regional Airport,US,34.185398,-79.723900
FLR,"Florence Airport, Peretola",IT,43.808558,11.202822
FLS,Flinders Island Airport,AU,-40.091702,147.992996
FLW,Flores Airport,PT,39.455299,-31.131399
FLZ,Dr. Ferdinand Lumban Tobing Airport,ID,1.557127,98.887145
FMA,Formosa National Airport,AR,-26.212700,-58.228100
FMI,Kalemie Airport,CD,-5.875560,29.250000
FMM,Memmingen Allgau Airport,DE,47.988092,10.238248
FMO,Münster Osnabrück Airport,DE,52.133816,7.688482
FMT,Faresmaathoda Airport,MV,0.192647,73.196755
FNA,Lungi International Airport,SL,8.616440,-13.195500
FNC,Cristiano Ronaldo International Airport,PT,32.697812,-16.774613
FND,Funadhoo Airport,MV,6.162443,73.287520
FNI,Nîmes-Arles-Camargue Airport,FR,43.757401,4.416350
FNJ,Pyongyang Sunan International Airport,KP,39.224098,125.669998
FNR,Funter Bay Seaplane Base,US,58.254398,-134.897995
FNT,Bishop International Airport,US,42.969294,-83.743355
FOA,Foula Airfield,GB,60.121916,-2.053439
FOC,Fuzhou Changle International Airport,CN,25.929254,119.672524
FOD,Fort Dodge Regional Airport,US,42.552624,-94.191237
FOG,Foggia Gino Lisa Airport,IT,41.433596,15.534566
FON,La Fortuna Arenal Airport,CR,10.469311,-84.579073
FOR,Pinto Martins International Airport,BR,-3.775833,-38.532222
FPO,Grand Bahama International Airport,BS,26.557996,-78.695583
FRA,Frankfurt Main Airport,DE,50.026706,8.558350
FRD,Friday Harbor Airport,US,48.523654,-123.024645
FRE,Fera/Maringe Airport,SB,-8.107500,159.576996
FRL,Forlì-Luigi Ridolfi International Airport,IT,44.194801,12.070100
FRO,Florø Airport,NO,61.583599,5.024720
FRS,Mundo Maya International Airport,GT,16.913707,-89.866143
FRW,Phillip Gaonwe Matante International Airport,BW,-21.159183,27.468826
FSC,Figari Sud-Corse Airport,FR,41.501850,9.097092
FSD,Sioux Falls Regional Airport,US,43.585463,-96.741152
FSH,Syekh Hamzah Fansyuri Airport,ID,2.269614,97.967863
FSM,Fort Smith Regional Airport,US,35.336601,-94.367401
FSP,Saint-Pierre Pointe-Blanche Airport,PM,46.762651,-56.174990
FSZ,Mount Fuji Shizuoka Airport,JP,34.795022,138.190976
FTA,Futuna Airport,VU,-19.516399,170.231995
FTE,El Calafate - Commander Armando Tola International Airport,AR,-50.280267,-72.053401
FTI,Fitiuta Airport,AS,-14.216131,-169.423771
FTU,Tôlanaro Airport,MG,-25.038099,46.956100
FTW,Fort Worth Meacham International Airport,US,32.819919,-97.360818
FUE,Fuerteventura Airport,ES,28.452700,-13.863800
FUG,Fuyang Xiguan Airport,CN,32.882157,115.734364
FUJ,Fukue Airport,JP,32.666302,128.832993
FUK,Fukuoka Airport,JP,33.585899,130.451004
FUN,Funafuti International Airport,TV,-8.523885,179.196976
FUO,Foshan Shadi Airport,CN,23.082500,113.070833
FUT,Pointe Vele Airport,WF,-14.311565,-178.066492
FWA,Fort Wayne International Airport,US,40.978896,-85.194465
FYJ,Fuyuan Dongji Airport,CN,48.197219,134.362980
FYN,Fuyun Koktokay Airport,CN,46.804169,89.512006
FYU,Fort Yukon Airport,US,66.571651,-145.249987
GAJ,Yamagata Airport,JP,38.411900,140.371002
GAL,Edward G. Pitka Sr Airport,US,64.736198,-156.936997
GAM,Gambell Airport,US,63.767694,-171.733303
GAN,Gan International Airport,MV,-0.692975,73.152627
GAQ,Gao International Airport,ML,16.248466,-0.005389
GAU,Lokpriya Gopinath Bordoloi International Airport,IN,26.106654,91.585226
GAX,Gamba Airport,GA,-2.785278,10.047222
GAY,Gaya Airport,IN,24.744301,84.951202
GBB,Gabala International Airport,AZ,40.808617,47.725389
GBE,Sir Seretse Khama International Airport,BW,-24.555201,25.918200
GBI,Kalaburagi Airport,IN,17.308154,76.965246
GBJ,Marie-Galante Airport,GP,15.868925,-61.270087
GBZ,Great Barrier Aerodrome,NZ,-36.241402,175.472000
GCC,Northeast Wyoming Regional Airport,US,44.348900,-105.539001
GCH,Gachsaran Airport,IR,30.333869,50.833796
GCI,Guernsey Airport,GG,49.435001,-2.601970
GCK,Garden City Regional Airport,US,37.927502,-100.723999
GCM,Owen Roberts International Airport,KY,19.292801,-81.357697
GCN,Grand Canyon National Park Airport,US,35.952400,-112.147003
GDB,Gondia Airport,IN,21.526817,80.290347
GDE,Gode Airport,ET,5.935130,43.578602
GDL,Guadalajara International Airport,MX,20.523342,-103.310108
GDN,Gdańsk Lech Wałęsa Airport,PL,54.377602,18.466200
GDQ,Gondar Airport,ET,12.519900,37.433998
GDT,JAGS McCartney International Airport,TC,21.444500,-71.142303
GDV,Dawson Community Airport,US,47.137658,-104.806910
GDX,Sokol Airport,RU,59.910999,150.720001
GDZ,Gelendzhik Airport,RU,44.582093,38.012481
GEA,Nouméa Magenta Airport,NC,-22.257706,166.472822
GEG,Spokane International Airport,US,47.619900,-117.533997
GEL,Santo Ângelo Airport,BR,-28.282503,-54.169623
GEM,President Obiang Nguema International Airport,GQ,1.676437,11.024904
GEO,Cheddi Jagan International Airport,GY,6.498550,-58.254101
GER,Rafael Cabrera Airport,CU,21.834700,-82.783798
GES,General Santos International Airport,PH,6.057208,125.096243
GET,Geraldton Airport,AU,-28.796101,114.707001
GEV,Gällivare Airport,SE,67.132401,20.814600
GFF,Griffith Airport,AU,-34.250801,146.067001
GFK,Grand Forks International Airport,US,47.949299,-97.176102
GGF,Almeirim Airport,BR,-1.479524,-52.578214
GGG,East Texas Regional Airport,US,32.383999,-94.711502
GGJ,Guaíra Airport,BR,-24.081100,-54.191700
GGR,Garowe Airport,SO,8.458474,48.568136
GGS,Gobernador Gregores Airport,AR,-48.783100,-70.150002
GGT,Exuma International Airport,BS,23.562599,-75.877998
GGW,Glasgow Valley County Airport Wokal Field,US,48.212502,-106.614998
GHA,Noumérat - Moufdi Zakaria Airport,DZ,32.384102,3.794110
GHB,Governor's Harbour Airport,BS,25.284700,-76.331001
GHV,Brașov-Ghimbav International Airport,RO,45.705580,25.522871
GIB,Gibraltar Airport,GI,36.151679,-5.349780
GIC,Boigu Island Airport,AU,-9.232780,142.218002
GID,Gitega Airport,BI,-3.417209,29.911308
GIG,Rio de Janeiro Galeão – Tom Jobim International Airport,BR,-22.809999,-43.250557
GIL,Gilgit Airport,PK,35.918800,74.333603
GIS,Gisborne Airport,NZ,-38.663300,177.977997
GIZ,Jizan Regional Airport / King Abdullah bin Abdulaziz Airport,SA,16.901100,42.585800
GJA,La Laguna Airport,HN,16.445400,-85.906601
GJL,Jijel Ferhat Abbas Airport,DZ,36.794125,5.873652
GJT,Grand Junction Regional Airport,US,39.126663,-108.529387
GKA,Goroka Airport,PG,-6.081690,145.391998
GKK,Kooddoo Airport,MV,0.732400,73.433600
GKN,Gulkana Airport,US,62.155859,-145.454662
GLA,Glasgow Airport,GB,55.871899,-4.433060
GLF,Golfito Airport,CR,8.654010,-83.182198
GLH,Mid Delta Regional Airport,US,33.482899,-90.985603
GLK,Galcaio Airport,SO,6.780830,47.454700
GLT,Gladstone Airport,AU,-23.869763,151.225439
GLV,Golovin Airport,US,64.550499,-163.007004
GMA,Gemena Airport,CD,3.235370,19.771299
GMB,Gambela Airport,ET,8.128760,34.563099
GME,Gomel Airport,BY,52.527000,31.016701
GMI,Gasmata Island Airport,PG,-6.271110,150.330994
GMO,Gombe Lawanti International Airport,NG,10.298889,10.900000
GMP,Seoul Gimpo International Airport,KR,37.558300,126.791000
GMQ,Golog Maqên Airport,CN,34.418066,100.301144
GMR,Totegegie Airport,PF,-23.079901,-134.889999
GMZ,La Gomera Airport,ES,28.029600,-17.214600
GNB,Grenoble Alpes Isère Airport,FR,45.362900,5.329370
GND,Maurice Bishop International Airport,GD,12.003996,-61.785302
GNJ,Ganja International Airport,AZ,40.738692,46.320383
GNS,Binaka Airport,ID,1.166275,97.705196
GNU,Goodnews Airport,US,59.117561,-161.575241
GNV,Gainesville Regional Airport,US,29.690100,-82.271797
GNY,Şanlıurfa GAP Airport,TR,37.445663,38.895592
GOA,Genoa Cristoforo Colombo Airport,IT,44.412039,8.840732
GOH,Nuuk International Airport,GL,64.191066,-51.679140
GOI,Goa Dabolim International Airport,IN,15.380062,73.833328
GOJ,Nizhny Novgorod / Strigino International Airport,RU,56.227351,43.785152
GOM,Goma International Airport,CD,-1.666758,29.238037
GOP,Gorakhpur Airport,IN,26.739700,83.449699
GOQ,Golmud Airport,CN,36.400600,94.786102
GOT,Göteborg Landvetter Airport,SE,57.662800,12.279800
GOU,Garoua International Airport,CM,9.334785,13.372129
GOV,Gove Airport,AU,-12.269400,136.817993
GOX,Manohar International Airport,IN,15.744257,73.860625
GOY,Tura Mountain Airport,RU,64.333511,100.432892
GPA,Patras Araxos Agamemnon Airport,GR,38.151100,21.425600
GPI,Guapi Airport,CO,2.570130,-77.897969
GPS,Seymour Galapagos Ecological Airport,EC,-0.453758,-90.265900
GPT,Gulfport Biloxi International Airport,US,30.405582,-89.069836
GRB,Austin Straubel International Airport,US,44.483459,-88.130805
GRI,Central Nebraska Regional Airport,US,40.967499,-98.309601
GRJ,George Airport,ZA,-34.005600,22.378902
GRK,Killeen Regional Airport / Robert Gray Army Airfield,US,31.067200,-97.828903
GRO,Girona-Costa Brava Airport,ES,41.904639,2.761774
GRQ,Groningen Airport Eelde,NL,53.119107,6.577652
GRR,Gerald R. Ford International Airport,US,42.880798,-85.522797
GRU,São Paulo/Guarulhos–Governor André Franco Montoro International Airport,BR,-23.431274,-46.469954
GRV,Akhmat Kadyrov Grozny International Airport,RU,43.388106,45.699772
GRW,Graciosa Airport,PT,39.092201,-28.029800
GRX,F.G.L. Airport Granada-Jaén Airport,ES,37.188702,-3.777360
GRY,Grímsey Airport,IS,66.545800,-18.017300
GRZ,Graz Airport,AT,46.991100,15.439600
GSM,Qeshm International Airport,IR,26.754639,55.902353
GSO,Piedmont Triad International Airport,US,36.099370,-79.937262
GSP,Greenville-Spartanburg International Airport,US,34.895699,-82.218903
GST,Gustavus Airport,US,58.425301,-135.707001
GSV,Gagarin International Airport,RU,51.712778,46.171111
GTA,Gatokae Aerodrome,SB,-8.738358,158.202836
GTE,Groote Eylandt Airport,AU,-13.972405,136.458553
GTF,Great Falls International Airport,US,47.481998,-111.371002
GTO,Jalaluddin Airport,ID,0.637119,122.849998
GTR,Golden Triangle Regional Airport,US,33.450298,-88.591400
GUA,La Aurora International Airport,GT,14.582896,-90.527515
GUB,Guerrero Negro Airport,MX,28.026100,-114.024002
GUC,Gunnison Crested Butte Regional Airport,US,38.534672,-106.934566
GUM,Antonio B. Won Pat International Airport,GU,13.485000,144.797282
GUP,Gallup Municipal Airport,US,35.511653,-108.788166
GUR,Gurney Airport,PG,-10.311500,150.334000
GUW,Atyrau International Airport,KZ,47.121318,51.820343
GUZ,Guarapari Airport,BR,-20.646500,-40.491901
GVA,Geneva International Airport,CH,46.238098,6.108950
GVR,Coronel Altino Machado Airport,BR,-18.895882,-41.982869
GWD,New Gwadar International Airport,PK,25.296733,62.498822
GWL,Gwalior Airport,IN,26.293301,78.227798
GWT,Westerland Sylt Airport,DE,54.913200,8.340470
GXF,Seiyun Hadhramaut International Airport,YE,15.965887,48.788146
GXG,Negage Airport,AO,-7.754510,15.287700
GXH,Gannan Xiahe Airport,CN,34.819014,102.622261
GYA,Guayaramerín Airport,BO,-10.888560,-65.380955
GYD,Heydar Aliyev International Airport,AZ,40.472780,50.050931
GYE,José Joaquín de Olmedo International Airport,EC,-2.157420,-79.883598
GYM,General José María Yáñez International Airport,MX,27.969000,-110.925003
GYN,Santa Genoveva International Airport,BR,-16.632000,-49.220699
GYS,Guangyuan Panlong Airport,CN,32.390254,105.694571
GYU,Guyuan Liupanshan Airport,CN,36.078889,106.216944
GYY,Gary/Chicago International Airport,US,41.617087,-87.413206
GYZ,Gruyere Airport,AU,-28.034548,123.815060
GZG,Garze Gesar Airport,CN,31.757500,99.554167
GZM,Xewkija Heliport,MT,36.027199,14.272800
GZO,Nusatupe Airport,SB,-8.097780,156.863998
GZP,Gazipaşa-Alanya Airport,TR,36.298832,32.297017
GZT,Gaziantep Oğuzeli International Airport,TR,36.947201,37.478699
HAA,Hasvik Airport,NO,70.486702,22.139700
HAC,Hachijojima Airport,JP,33.114843,139.785645
HAD,Halmstad Airport,SE,56.691101,12.820200
HAH,Prince Said Ibrahim International Airport,KM,-11.533700,43.271900
HAJ,Hannover Airport,DE,52.461102,9.685080
HAK,Haikou Meilan International Airport,CN,19.934900,110.459000
HAL,Halali Airport,NA,-19.028500,16.458500
HAM,Hamburg Helmut Schmidt Airport,DE,53.630402,9.988230
HAN,Noi Bai International Airport,VN,21.221201,105.806999
HAQ,Hanimaadhoo International Airport,MV,6.743235,73.167072
HAS,Hail International Airport,SA,27.437901,41.686298
HAU,"Haugesund Airport, Karmøy",NO,59.345299,5.208360
HAV,José Martí International Airport,CU,22.989201,-82.409103
HBA,Hobart International Airport,AU,-42.837032,147.513022
HBE,Alexandria International Airport,EG,30.932490,29.696437
HBQ,Haibei Qilian Airport,CN,38.008068,100.645065
HBT,Hambantota Seaplane Base,LK,6.124043,81.103000
HBX,Hubballi Airport,IN,15.361084,75.082096
HCJ,Hechi Jinchengjiang Airport,CN,24.804344,107.710819
HCR,Holy Cross Airport,US,62.188301,-159.774994
HCZ,Chenzhou Beihu Airport,CN,25.753419,112.845404
HDD,Hyderabad Airport,PK,25.318100,68.366096
HDF,Heringsdorf Airport,DE,53.878700,14.152300
HDG,Handan Airport,CN,36.524824,114.424126
HDK,Kulhudhuffushi Airport,MV,6.630762,73.067815
HDM,Hamadan Airport,IR,34.866416,48.560690
HDN,Yampa Valley Airport,US,40.481201,-107.218002
HDO,Hindon Airport / Hindon Air Force Station,IN,28.707701,77.358902
HDS,Eastgate Airport / Air Force Base Hoedspruit,ZA,-24.361864,31.052921
HDY,Hat Yai International Airport,TH,6.933210,100.392998
HEA,Herat - Khwaja Abdullah Ansari International Airport,AF,34.209999,62.228298
HEH,Heho Airport,MM,20.747140,96.792029
HEI,Heide-Büsum Airport,DE,54.153332,8.901667
HEK,Heihe Aihui Airport,CN,50.171621,127.308884
HEL,Helsinki Vantaa Airport,FI,60.318363,24.963341
HER,Heraklion International Nikos Kazantzakis Airport,GR,35.339699,25.180300
HET,Hohhot Baita International Airport,CN,40.849658,111.824598
HFA,Uri Michaeli Haifa International Airport,IL,32.810219,35.043719
HFE,Hefei Xinqiao International Airport,CN,31.987790,116.976900
HFN,Hornafjörður Airport,IS,64.295601,-15.227200
HFS,Hagfors Airport,SE,60.020100,13.578900
HFT,Hammerfest Airport,NO,70.679703,23.668600
HGA,Egal International Airport,SO,9.514082,44.083469
HGD,Hughenden Airport,AU,-20.815001,144.225006
HGH,Hangzhou Xiaoshan International Airport,CN,30.236090,120.428865
HGI,Itanagar Donyi Polo Hollongi Airport,IN,26.966830,93.638792
HGL,Helgoland-Düne Airport,DE,54.185280,7.915833
HGN,Mae Hong Son Airport,TH,19.301300,97.975800
HGO,Korhogo Airport,CI,9.387180,-5.556660
HGR,Hagerstown Regional Richard A Henson Field,US,39.708771,-77.728014
HGU,Mount Hagen Kagamuga Airport,PG,-5.828212,144.299412
HHH,Hilton Head Airport,US,32.224400,-80.697502
HHN,Frankfurt-Hahn Airport,DE,49.946353,7.261734
HHP,Shun Tak Heliport,HK,22.288868,114.152369
HHQ,Hua Hin Airport,TH,12.636200,99.951500
HHR,Jack Northrop Field Hawthorne Municipal Airport,US,33.922798,-118.334999
HHZ,Hikueru Airport,PF,-17.548297,-142.612037
HIA,Huai'an Lianshui Airport,CN,33.792712,119.126657
HIB,Range Regional Airport,US,47.384831,-92.836905
HID,Horn Island Airport,AU,-10.585636,142.292770
HII,Lake Havasu City Airport,US,34.570506,-114.357745
HIJ,Hiroshima Airport,JP,34.436100,132.919006
HIL,Shilavo Airport,ET,6.077545,44.763736
HIN,Sacheon Airport / Sacheon Air Base,KR,35.088591,128.071747
HIR,Honiara International Airport,SB,-9.428000,160.054993
HIS,Hayman Island Resort Seaplane Base,AU,-20.059999,148.880997
HJB,Hejing Bayinbuluke Airport,CN,42.976395,83.995543
HJJ,Huaihua Zhijiang Airport,CN,27.443087,109.704666
HJR,Khajuraho Airport,IN,24.817200,79.918602
HKD,Hakodate Airport,JP,41.770000,140.822006
HKG,Hong Kong International Airport,HK,22.311840,113.914862
HKK,Hokitika Airfield,NZ,-42.713600,170.985001
HKN,Hoskins Airport,PG,-5.463846,150.407327
HKT,Phuket International Airport,TH,8.113257,98.317400
HLA,Lanseria International Airport,ZA,-25.938964,27.926642
HLD,Hulunbuir Hailar Airport,CN,49.208616,119.822301
HLE,Saint Helena International Airport,SH,-15.958898,-5.646066
HLH,Ulanhot Yilelite Airport,CN,46.195333,122.008333
HLN,Helena Regional Airport,US,46.606800,-111.983002
HLP,Halim Perdanakusuma International Airport,ID,-6.266989,106.890318
HLZ,Hamilton International Airport,NZ,-37.866961,175.331952
HMA,Khanty Mansiysk Airport,RU,61.028500,69.086098
HMB,Suhaj International Airport,EG,26.342515,31.743017
HME,Hassi Messaoud-Oued Irara Krim Belkacem Airport,DZ,31.673000,6.140440
HMI,Hami Airport,CN,42.841400,93.669197
HMO,General Ignacio L. Pesqueira International Airport,MX,29.092811,-111.053015
HMS,Haji Muhammad Sidik Airport,ID,-1.025810,114.928810
HMV,Hemavan Airport,SE,65.806099,15.082800
HNA,Iwate Hanamaki Airport,JP,39.428600,141.134995
HND,Tokyo Haneda International Airport,JP,35.549678,139.786958
HNH,Hoonah Airport,US,58.096100,-135.410111
HNL,Daniel K. Inouye International Airport,US,21.318387,-157.925670
HNM,Hana Airport,US,20.795601,-156.014008
HNS,Haines Airport,US,59.243921,-135.523925
HNY,Hengyang Nanyue Airport,CN,26.722080,112.617958
HOB,Lea County Regional Airport,US,32.687500,-103.217003
HOF,Al-Ahsa International Airport,SA,25.285299,49.485199
HOG,Frank Pais International Airport,CU,20.785148,-76.315526
HOI,Hao Airport,PF,-18.074800,-140.945999
HOK,Hooker Creek Airport,AU,-18.336700,130.638000
HOM,Homer Airport,US,59.644456,-151.479235
HOR,Horta Airport,PT,38.519901,-28.715900
HOT,Memorial Field Airport,US,34.478800,-93.096262
HOU,William P. Hobby Airport,US,29.645336,-95.276812
HOV,"Ørsta-Volda Airport, Hovden",NO,62.180000,6.074100
HPA,Lifuka Island Airport,TO,-19.777000,-174.341003
HPB,Hooper Bay Airport,US,61.523899,-166.147003
HPG,Shennongjia Hongping Airport,CN,31.626000,110.340000
HPH,Cat Bi International Airport,VN,20.817428,106.724315
HPN,Westchester County Airport,US,41.067001,-73.707603
HQL,Tashikuergan Hongqilafu Airport,CN,37.661333,75.288877
HQQ,Anyang Hongqiqu Airport,CN,35.870833,114.461944
HRB,Harbin Taiping International Airport,CN,45.623402,126.250000
HRE,Robert Gabriel Mugabe International Airport,ZW,-17.931801,31.092800
HRF,Hoarafushi Airport,MV,6.969670,72.896287
HRG,Hurghada International Airport,EG,27.176776,33.796692
HRI,Mattala Rajapaksa International Airport,LK,6.283878,81.124163
HRL,Valley International Airport,US,26.228500,-97.654404
HRO,Boone County Airport,US,36.261501,-93.154701
HSA,Hazrat Sultan International Airport,KZ,43.311087,68.550352
HSC,Shaoguan Danxia Airport,CN,24.978600,113.420998
HSG,Kyushu Saga International Airport,JP,33.149700,130.302002
HSL,Huslia Airport,US,65.697899,-156.350998
HSN,Zhoushan Putuoshan International Airport,CN,29.933874,122.362307
HSR,Rajkot International Airport,IN,22.378824,71.039391
HSS,Maharaja Agrasen International Airport,IN,29.186065,75.741420
HSV,Huntsville International Airport,US,34.636244,-86.774378
HTA,Chita-Kadala International Airport,RU,52.024841,113.305839
HTG,Khatanga Airport,RU,71.978104,102.490997
HTI,Hamilton Island Airport,AU,-20.358101,148.951996
HTN,Hotan Airport,CN,37.038502,79.864899
HTS,Tri-State Airport / Milton J. Ferguson Field,US,38.366699,-82.557999
HTT,Huatugou Airport,CN,38.201645,90.837843
HTY,Hatay Airport,TR,36.360790,36.285589
HUE,Humera Airport,ET,13.830120,36.882370
HUG,Huehuetenango Airport,GT,15.316667,-91.505556
HUH,Huahine-Fare Airport,PF,-16.687084,-151.021593
HUI,Phu Bai International Airport,VN,16.400581,107.704094
HUN,Hualien Chiashan Airport,TW,24.023163,121.617991
HUO,Holingol Huolinhe Airport,CN,45.487222,119.407222
HUS,Hughes Airport,US,66.041100,-154.263001
HUU,Alferez Fap David Figueroa Fernandini Airport,PE,-9.878810,-76.204803
HUX,Bahías de Huatulco International Airport,MX,15.775437,-96.260456
HUY,Humberside Airport,GB,53.576152,-0.349540
HUZ,Huizhou Pingtan Airport,CN,23.049999,114.599998
HVB,Hervey Bay Airport,AU,-25.320127,152.880662
HVD,Khovd Airport,MN,47.954102,91.628197
HVG,"Honningsvåg Airport, Valan",NO,71.009697,25.983601
HVN,Tweed New Haven Airport,US,41.262869,-72.887694
HVR,Havre City County Airport,US,48.541387,-109.762859
HWR,Halwara International Airport,IN,30.748501,75.629799
HXD,Haixi Delingha Airport,CN,37.125286,97.268658
HYA,Cape Cod Gateway Airport,US,41.669300,-70.280403
HYD,Rajiv Gandhi International Airport,IN,17.231318,78.429855
HYG,Hydaburg Seaplane Base,US,55.205227,-132.830286
HYL,Hollis Clark Bay Seaplane Base,US,55.481529,-132.646008
HYN,Taizhou Luqiao Airport,CN,28.562201,121.429001
HYS,Hays Regional Airport,US,38.844521,-99.273148
HZA,Heze Mudan Airport,CN,35.212972,115.736748
HZG,Hanzhong Chenggu Airport,CN,33.133527,107.203817
HZH,Liping Airport,CN,26.322170,109.149900
IAA,Igarka Airport,RU,67.437202,86.621902
IAD,Washington Dulles International Airport,US,38.944500,-77.455803
IAG,Niagara Falls International Airport,US,43.107300,-78.946198
IAH,George Bush Intercontinental Airport,US,29.984400,-95.341400
IAM,Zarzaitine - In Aménas Airport,DZ,28.051500,9.642910
IAN,Bob Baker Memorial Airport,US,66.976128,-160.439014
IAO,Siargao Airport,PH,9.859100,126.014000
IAR,Golden Ring Yaroslavl International Airport,RU,57.560699,40.157398
IAS,Iaşi International Airport,RO,47.179633,27.621431
IBA,Ibadan Airport,NG,7.362460,3.978330
IBB,General Villamil Airport,EC,-0.942628,-90.953003
IBE,Perales Airport,CO,4.421610,-75.133300
IBR,Ibaraki Airport,JP,36.181456,140.414434
IBZ,Ibiza Airport,ES,38.872898,1.373120
ICC,Andrés Miguel Salazar Marcano Airport,VE,10.794432,-63.981590
ICI,Cicia Airport,FJ,-17.743299,-179.341995
ICN,Incheon International Airport,KR,37.469101,126.450996
ICT,Wichita Dwight D. Eisenhower National Airport,US,37.650314,-97.428583
IDA,Idaho Falls Regional Airport,US,43.514599,-112.070999
IDR,Devi Ahilya Bai Holkar International Airport,IN,22.721404,75.800510
IEG,Zielona Góra-Babimost Airport,PL,52.138500,15.798600
IFJ,Ísafjörður Airport,IS,66.058098,-23.135300
IFN,Isfahan Shahid Beheshti International Airport,IR,32.755142,51.883877
IGA,Inagua Airport,BS,20.975000,-73.666901
IGD,Iğdır Airport,TR,39.976627,43.876648
IGG,Igiugig Airport,US,59.324001,-155.901993
IGR,Cataratas Del Iguazú International Airport,AR,-25.737301,-54.473400
IGT,Magas Airport,RU,43.323268,45.012568
IGU,Cataratas International Airport,BR,-25.594167,-54.489444
IIA,Inishmaan Aerodrome,IE,53.092999,-9.568060
IJK,Izhevsk Airport,RU,56.834524,53.462172
IKA,Imam Khomeini International Airport,IR,35.416100,51.152199
IKE,Ikerasak Heliport,GL,70.498145,-51.303084
IKG,Karakol International Airport,KG,42.508099,78.407799
IKI,Iki Airport,JP,33.749001,129.785004
IKO,Nikolski Air Station,US,52.941552,-168.849478
IKS,Tiksi Airport,RU,71.697701,128.903000
IKT,Irkutsk International Airport,RU,52.266707,104.395563
IKU,Issyk-Kul International Airport,KG,42.585584,76.701181
ILD,Lleida-Alguaire Airport,ES,41.728185,0.535023
ILF,Ilford Airport,CA,56.051622,-95.618820
ILG,Wilmington Airport,US,39.678699,-75.606499
ILI,Iliamna Airport,US,59.754398,-154.910996
ILM,Wilmington International Airport,US,34.272345,-77.905117
ILO,Iloilo International Airport,PH,10.833017,122.493358
ILP,Île des Pins Airport,NC,-22.588900,167.455994
ILQ,General Jorge Fernandez Maldon Airport,PE,-17.695000,-71.344002
ILR,General Tunde Idiagbon International Airport,NG,8.440210,4.493920
ILS,Ilopango International Airport,SV,13.699500,-89.119904
ILY,Islay Airport,GB,55.682708,-6.257525
IMF,Bir Tikendrajit International Airport,IN,24.760000,93.896698
IMK,Simikot Airport,NP,29.971100,81.818901
IMP,Prefeito Renato Moreira Airport,BR,-5.531290,-47.459999
IMT,Ford Airport,US,45.819110,-88.114557
INB,Independence Airport,BZ,16.534560,-88.441615
INC,Yinchuan Hedong International Airport,CN,38.322758,106.393214
IND,Indianapolis International Airport,US,39.717300,-86.294403
INH,Inhambane Airport,MZ,-23.876400,35.408501
INI,Niš Constantine the Great Airport,RS,43.336538,21.856242
INL,Falls International Airport,US,48.566200,-93.403099
INN,Innsbruck Airport,AT,47.260201,11.344000
INO,Inongo Airport,CD,-1.947220,18.285801
INQ,Inisheer Aerodrome,IE,53.064701,-9.510900
INU,Nauru International Airport,NR,-0.547893,166.919525
INV,Inverness Airport,GB,57.542500,-4.047500
INZ,In Salah Airport,DZ,27.250999,2.512020
IOA,Ioannina King Pyrrhus National Airport,GR,39.696400,20.822500
IOM,Isle of Man Airport,IM,54.083081,-4.623871
IOQ,Isortoq Heliport,GL,65.547792,-38.976552
IOR,Inishmore Aerodrome,IE,53.106701,-9.653610
IOS,Bahia - Jorge Amado Airport,BR,-14.815929,-39.033458
IOT,Illorsuit Heliport,GL,71.241944,-53.562877
IPC,Mataveri International Airport,CL,-27.165411,-109.421027
IPH,Sultan Azlan Shah Airport,MY,4.567330,101.091643
IPI,San Luis Airport,CO,0.861946,-77.671783
IPL,Imperial County Airport,US,32.835390,-115.574026
IPN,Usiminas Airport,BR,-19.470699,-42.487598
IPT,Williamsport Regional Airport,US,41.242126,-76.922450
IQM,Qiemo Yudu Airport,CN,38.234516,85.465462
IQN,Qingyang Xifeng Airport,CN,35.802638,107.598896
IQQ,Diego Aracena International Airport,CL,-20.536273,-70.181373
IQT,Coronel FAP Francisco Secada Vignetta International Airport,PE,-3.784740,-73.308800
IRA,Ngorangora Airport,SB,-10.449700,161.897995
IRC,Circle City (New) Airport,US,65.827673,-144.076195
IRG,Lockhart River Airport,AU,-12.786900,143.304993
IRJ,Capitan V A Almonacid Airport,AR,-29.381599,-66.795799
IRK,Kirksville Regional Airport,US,40.093498,-92.544899
IRP,Matari Airport,CD,2.827610,27.588301
IRZ,Tapuruquara Airport,BR,-0.378604,-64.992558
ISA,Mount Isa Airport,AU,-20.666380,139.488468
ISB,Islamabad International Airport,PK,33.549000,72.825660
ISC,St. Mary's Airport,GB,49.913375,-6.291894
ISE,Süleyman Demirel International Airport,TR,37.855400,30.368401
ISG,New Ishigaki Airport,JP,24.396389,124.245000
ISK,Nashik International Airport,IN,20.119101,73.912903
ISP,Long Island MacArthur Airport,US,40.796324,-73.101703
IST,İstanbul Airport,TR,41.274874,28.732136
ISU,Jalal Talabani International Airport,IQ,35.560487,45.315137
ITB,Itaituba Airport,BR,-4.242131,-56.000651
ITH,Ithaca Tompkins Regional Airport,US,42.491001,-76.458397
ITM,Osaka Itami International Airport,JP,34.780853,135.440829
ITO,Hilo International Airport,US,19.721350,-155.045428
ITU,Iturup Airport,RU,45.256389,147.955490
IUE,Niue International Airport,NU,-19.080109,-169.923493
IUI,Innarsuit Heliport,GL,73.199895,-56.010817
IVC,Invercargill Airport,NZ,-46.412399,168.313004
IVL,Ivalo Airport,FI,68.607300,27.405300
IWA,Ivanovo South Airport,RU,56.939400,40.940800
IWD,Gogebic Iron County Airport,US,46.525298,-90.131578
IWJ,Iwami Airport,JP,34.676399,131.789993
IWK,Iwakuni Kintaikyo Airport,JP,34.146333,132.247238
IXA,Agartala - Maharaja Bir Bikram Airport,IN,23.886999,91.240402
IXB,Bagdogra Airport,IN,26.681200,88.328598
IXC,Shaheed Bhagat Singh International Airport,IN,30.673500,76.788498
IXD,Prayagraj Airport,IN,25.440100,81.733902
IXE,Mangaluru International Airport,IN,12.954710,74.886812
IXG,Belagavi Airport,IN,15.859300,74.618301
IXI,Lilabari North Lakhimpur Airport,IN,27.295682,94.097266
IXJ,Jammu Airport,IN,32.688849,74.838152
IXK,Keshod Airport,IN,21.317101,70.270401
IXL,Leh Kushok Bakula Rimpochee Airport,IN,34.135899,77.546501
IXM,Madurai Airport,IN,9.834510,78.093399
IXP,Pathankot Airport,IN,32.233611,75.634444
IXR,Birsa Munda Airport,IN,23.314301,85.321701
IXS,Silchar Airport,IN,24.912901,92.978699
IXU,Aurangabad Airport,IN,19.862875,75.396312
IXY,Kandla Airport,IN,23.112700,70.100304
IXZ,Veer Savarkar International Airport / INS Utkrosh,IN,11.640194,92.729020
IZA,Presidente Itamar Franco Airport,BR,-21.513086,-43.173069
IZO,Izumo Enmusubi Airport,JP,35.413601,132.889999
IZT,General Antonio Cárdenas Rodríguez National Airport / Ixtepec Air Base,MX,16.445961,-95.093708
JAC,Jackson Hole Airport,US,43.607300,-110.737999
JAE,Shumba Airport,PE,-5.592480,-78.774002
JAF,Jaffna International Airport,LK,9.792330,80.070099
JAI,Jaipur International Airport,IN,26.824200,75.812202
JAN,Jackson-Medgar Wiley Evers International Airport,US,32.311199,-90.075897
JAU,Francisco Carle Airport,PE,-11.783100,-75.473396
JAV,Ilulissat Airport,GL,69.243202,-51.057098
JAX,Jacksonville International Airport,US,30.492469,-81.687813
JBB,Notohadinegoro Airport,ID,-8.242494,113.693476
JBK,Qitai Jiangbulake Airport,CN,44.166086,89.550140
JBQ,La Isabela International Airport,DO,18.572500,-69.985603
JBR,Jonesboro Municipal Airport,US,35.831699,-90.646400
JCH,Qasigiannguit Heliport,GL,68.822816,-51.173447
JCK,Julia Creek Airport,AU,-20.668301,141.723007
JCL,České Budějovice South Bohemian Airport,CZ,48.948171,14.428320
JCU,Ceuta Heliport,ES,35.892657,-5.306321
JDF,Francisco de Assis Airport,BR,-21.791482,-43.386072
JDH,Jodhpur Airport,IN,26.251101,73.048897
JDO,Orlando Bezerra de Menezes Airport,BR,-7.219320,-39.269096
JDZ,Jingdezhen Luojia Airport,CN,29.338600,117.176003
JED,King Abdulaziz International Airport,SA,21.680241,39.157436
JEE,Jérémie Airport,HT,18.663099,-74.170303
JEG,Aasiaat Airport,GL,68.721802,-52.784698
JEJ,Jeh Airport,MH,7.565350,168.962006
JER,Jersey Airport,JE,49.207901,-2.195510
JFK,John F. Kennedy International Airport,US,40.639447,-73.779317
JFR,Paamiut Airport,GL,62.014736,-49.670937
JGA,Jamnagar Airport,IN,22.465500,70.012604
JGB,Jagdalpur Airport,IN,19.074301,82.036797
JGD,Daxing'anling Elunchun Airport,CN,50.371389,124.117500
JGN,Jiayuguan International Airport,CN,39.859052,98.339344
JGO,Qeqertarsuaq Heliport,GL,69.251182,-53.514876
JGR,Kangilinnguit Heliport,GL,61.228960,-48.096980
JGS,Jinggangshan Airport,CN,26.856899,114.737000
JHB,Senai International Airport,MY,1.641310,103.669998
JHG,Xishuangbanna Gasa International Airport,CN,21.974648,100.762224
JHM,Kapalua Airport,US,20.962900,-156.673004
JHS,Sisimiut Airport,GL,66.951302,-53.729301
JIB,Djibouti-Ambouli Airport,DJ,11.547300,43.159500
JIC,Jinchang Jinchuan Airport,CN,38.542222,102.348333
JIJ,Gerad Wilwal International Airport,ET,9.331907,42.911811
JIK,Ikaria Airport,GR,37.682701,26.347099
JIM,Jimma Airport,ET,7.666090,36.816601
JIO,Jos Orno Imsula Airport,ID,-8.140683,127.909669
JIQ,Qianjiang Wulingshan Airport,CN,29.513333,108.831111
JIU,Jiujiang Lushan Airport,CN,29.476944,115.801111
JJD,Comandante Ariston Pessoa Airport,BR,-2.906425,-40.357338
JJG,Humberto Ghizzo Bortoluzzi Regional Airport,BR,-28.675300,-49.059600
JJM,Mulika Lodge Airport,KE,0.165083,38.195141
JJN,Quanzhou Jinjiang International Airport,CN,24.795855,118.588599
JJU,Qaqortoq Airport,GL,60.763830,-46.065001
JKG,Jönköping Airport,SE,57.757599,14.068700
JKH,Chios Island National Airport,GR,38.343201,26.140600
JKL,Kalymnos Airport,GR,36.963299,26.940599
JKR,Janakpur Airport,NP,26.708799,85.922401
JLG,Jalgaon Airport,IN,20.962678,75.627492
JLN,Joplin Regional Airport,US,37.151798,-94.498299
JLR,Jabalpur Airport,IN,23.177799,80.052002
JMJ,Lancang Jingmai Airport,CN,22.417733,99.784012
JMK,Mykonos Island National Airport,GR,37.435101,25.348101
JMO,Jomsom Airport,NP,28.780426,83.723000
JMS,Jamestown Regional Airport,US,46.929699,-98.678200
JMU,Jiamusi Songjiang International Airport,CN,46.842793,130.464260
JNB,O.R. Tambo International Airport,ZA,-26.140081,28.246801
JNG,Jining Da'an Airport,CN,35.647358,116.743269
JNH,Jiaxing Nanhu Airport,CN,30.698056,120.663056
JNN,Nanortalik Heliport,GL,60.141884,-45.232977
JNS,Narsaq Heliport,GL,60.917283,-46.059923
JNU,Juneau International Airport,US,58.354935,-134.574416
JNX,Naxos Island National Airport,GR,37.081100,25.368099
JNZ,Jinzhou Bay Airport,CN,40.936032,121.277114
JOE,Joensuu Airport,FI,62.658815,29.619398
JOG,Adisutjipto International Airport,ID,-7.788180,110.431999
JOI,Lauro Carneiro de Loyola Airport,BR,-26.224501,-48.797401
JOL,Jolo Airport,PH,6.053670,121.011002
JOS,Yakubu Gowon Airport,NG,9.639830,8.869050
JPA,Presidente Castro Pinto International Airport,BR,-7.148691,-34.950554
JPE,Nagib Demachki Airport,BR,-3.019798,-47.316474
JPR,Ji-Paraná Airport,BR,-10.870743,-61.846675
JQA,Qaarsut Airport,GL,70.734200,-52.696201
JRA,West 30th Street Heliport,US,40.755107,-74.006896
JRG,Jharsuguda Airport,IN,21.913500,84.050400
JRH,Jorhat Airport,IN,26.730456,94.175416
JRO,Kilimanjaro International Airport,TZ,-3.427049,37.073530
JSA,Jaisalmer Airport,IN,26.888700,70.864998
JSH,Sitia Airport,GR,35.216099,26.101299
JSI,Skiathos Island National Airport,GR,39.177101,23.503700
JSJ,Jiansanjiang Shidi Airport,CN,47.108248,132.657920
JSK,Jask Airport,IR,25.654757,57.801718
JSR,Jessore Airport,BD,23.183800,89.160797
JST,John Murtha Johnstown Cambria County Airport,US,40.316101,-78.833900
JSU,Maniitsoq Airport,GL,65.412498,-52.939400
JSY,Syros Airport,GR,37.422798,24.950899
JTC,Bauru/Arealva–Moussa Nakhal Tobias State Airport,BR,-22.160755,-49.070325
JTR,Santorini International Airport,GR,36.400045,25.478638
JTY,Astypalaia Airport,GR,36.579899,26.375799
JUB,Juba International Airport,SS,4.872010,31.601101
JUH,Chizhou Jiuhuashan Airport,CN,30.740300,117.685600
JUI,Juist Airport,DE,53.681421,7.056398
JUJ,Gobernador Horacio Guzman International Airport,AR,-24.392799,-65.097801
JUK,Ukkusissat Heliport,GL,71.049438,-51.890016
JUL,Inca Manco Capac International Airport,PE,-15.467689,-70.156530
JUM,Jumla Airport,NP,29.274200,82.193298
JUU,Nuugaatsiaq Heliport,GL,71.538769,-53.205038
JUV,Upernavik Airport,GL,72.790199,-56.130600
JUZ,Quzhou Airport,CN,28.966130,118.898793
JXA,Jixi Xingkaihu Airport,CN,45.293000,131.193000
JYV,Jyväskylä Airport,FI,62.399502,25.678301
JZH,Jiuzhai Huanglong Airport,CN,32.853333,103.682222
KAA,Kasama Airport,ZM,-10.210169,31.123045
KAB,Kariba Airport,ZW,-16.519800,28.885000
KAC,Qamishli International Airport,SY,37.020599,41.191399
KAD,Kaduna International Airport,NG,10.696000,7.320110
KAE,Kake Seaplane Base,US,56.973000,-133.945999
KAI,Kaieteur Airport,GY,5.177349,-59.488980
KAJ,Kajaani Airport,FI,64.285500,27.692400
KAL,Kaltag Airport,US,64.318640,-158.741970
KAN,Mallam Aminu Kano International Airport,NG,12.045613,8.523566
KAO,Kuusamo Airport,FI,65.987602,29.239401
KAT,Kaitaia Airport,NZ,-35.069837,173.287053
KAW,Kawthoung Airport,MM,10.049300,98.538002
KAX,Kalbarri Airport,AU,-27.692813,114.259169
KBC,Birch Creek Airport,US,66.274002,-145.824005
KBL,Kabul International Airport,AF,34.565899,69.212303
KBR,Sultan Ismail Petra Airport,MY,6.166850,102.292999
KBU,Gusti Syamsir Alam Airport,ID,-3.294796,116.163815
KBV,Krabi International Airport,TH,8.095591,98.988955
KCA,Kuqa Qiuci Airport,CN,41.677856,82.872917
KCC,Coffman Cove Seaplane Base,US,56.012586,-132.835093
KCG,Chignik Airport,US,56.311501,-158.373001
KCH,Kuching International Airport,MY,1.487364,110.352859
KCM,Kahramanmaraş Airport,TR,37.538826,36.953522
KCQ,Chignik Lake Airport,US,56.255001,-158.774994
KCT,Koggala Airport,LK,5.993680,80.320297
KCY,Krasnoyarsk Cheremshanka Airport,RU,56.177584,92.545881
KCZ,Kochi Ryoma Airport,JP,33.545217,133.670166
KDD,Khuzdar Airport,PK,27.790600,66.647301
KDH,Ahmad Shah Baba International Airport,AF,31.505769,65.847963
KDI,Haluoleo Airport,ID,-4.081610,122.417999
KDL,Kärdla Airport,EE,58.990799,22.830700
KDM,Kaadedhdhoo Airport,MV,0.488131,72.996902
KDO,Kadhdhoo Airport,MV,1.859170,73.521896
KDU,Skardu International Airport,PK,35.338660,75.538648
KDV,Vunisea Airport,FJ,-19.058100,178.156998
KDZ,Polgolla Reservoir Seaplane Base,LK,7.325100,80.642200
KEB,Nanwalek Airport,US,59.352100,-151.925003
KEF,Keflavik International Airport,IS,63.985001,-22.605600
KEH,Kenmore Air Harbor LLC Seaplane Base,US,47.754799,-122.259003
KEJ,Alexei Leonov Kemerovo International Airport,RU,55.270100,86.107201
KEM,Kemi-Tornio Airport,FI,65.778702,24.582100
KEP,Nepalgunj Airport,NP,28.103600,81.667000
KER,Ayatollah Hashemi Rafsanjani International Airport,IR,30.271276,56.949692
KET,Kengtung Airport,MM,21.301600,99.636002
KEW,Keewaywin Airport,CA,52.991100,-92.836403
KFG,Kalkgurung Airport,AU,-17.431900,130.807999
KFP,False Pass Airport,US,54.847510,-163.407168
KFS,Kastamonu Airport,TR,41.314201,33.795799
KGA,Kananga Airport,CD,-5.900050,22.469200
KGC,Kingscote Airport,AU,-35.713902,137.520996
KGD,Khrabrovo Airport,RU,54.891610,20.598559
KGE,Kaghau Airport,SB,-7.330500,157.585000
KGF,Sary-Arka Airport,KZ,49.670799,73.334396
KGI,Kalgoorlie Boulder Airport,AU,-30.791543,121.464586
KGK,Koliganek Airport,US,59.726601,-157.259003
KGL,Kigali International Airport,RW,-1.968630,30.139500
KGP,Kogalym International Airport,RU,62.190399,74.533798
KGQ,Kangersuatsiaq Heliport,GL,72.381092,-55.536586
KGS,"Kos International Airport ""Ippokratis""",GR,36.794523,27.091150
KGT,Kangding Airport,CN,30.142464,101.738720
KGX,Grayling Airport,US,62.895187,-160.066289
KHD,Khoram Abad Airport,IR,33.435398,48.282902
KHG,Kashgar Laining International Airport,CN,39.542273,76.020230
KHH,Kaohsiung International Airport,TW,22.577101,120.349998
KHI,Jinnah International Airport,PK,24.906500,67.160797
KHK,Khark Airport,IR,29.260503,50.322193
KHM,Kanti Airport,MM,25.988300,95.674400
KHN,Nanchang Changbei International Airport,CN,28.864815,115.902710
KHS,Khasab Airport,OM,26.171000,56.240601
KHT,Khost International Airport,AF,33.284605,69.807340
KHV,Khabarovsk Novy Airport,RU,48.528338,135.188588
KHX,Savannah Airstrip,UG,-0.716500,29.699700
KHZ,Kauehi Airport,PF,-15.780622,-145.128443
KIE,Aropa Airport,PG,-6.305727,155.728249
KIF,Kingfisher Lake Airport,CA,53.012501,-89.855301
KIH,Kish International Airport,IR,26.525427,53.980462
KIJ,Niigata Airport,JP,37.954166,139.112189
KIK,Kirkuk International Airport,IQ,35.469501,44.348900
KIM,Kimberley Airport,ZA,-28.805401,24.764872
KIN,Norman Manley International Airport,JM,17.935699,-76.787498
KIO,Kili Airport,MH,5.643860,169.124586
KIR,Kerry Airport,IE,52.180901,-9.523780
KIS,Kisumu International Airport,KE,-0.086139,34.728901
KIT,Kithira Airport,GR,36.273978,23.016719
KIX,Kansai International Airport,JP,34.427299,135.244003
KJA,Krasnoyarsk International Airport,RU,56.175743,92.485788
KJB,Kurnool Airport,IN,15.716288,78.169230
KJH,Kaili Huangping Airport,CN,26.972000,107.988000
KJI,Burqin Kanas Airport,CN,48.222300,86.995900
KJT,Kertajati International Airport,ID,-6.647384,108.165561
KKA,Koyuk Alfred Adams Airport,US,64.939499,-161.154007
KKB,Kitoi Bay Seaplane Base,US,58.190899,-152.369995
KKC,Khon Kaen Airport,TH,16.466600,102.783997
KKE,Kerikeri Airport,NZ,-35.259148,173.913317
KKH,Kongiganak Airport,US,59.960800,-162.880997
KKI,Akiachak Airport,US,60.913809,-161.493329
KKJ,Kitakyushu Airport,JP,33.845901,131.035004
KKN,"Kirkenes Airport, Høybuktmoen",NO,69.725800,29.891300
KKR,Kaukura Airport,PF,-15.663300,-146.884995
KKS,Kashan Airport,IR,33.895302,51.577000
KKW,Kikwit Airport,CD,-5.035770,18.785601
KKX,Kikai Airport,JP,28.321301,129.927994
KLG,Kalskag Airport,US,61.536301,-160.341003
KLH,Kolhapur Airport,IN,16.664700,74.289398
KLN,Larsen Bay Airport,US,57.535160,-153.976455
KLO,Kalibo International Airport,PH,11.679400,122.375999
KLP,Seruyan Kuala Pembuang Airport,ID,-3.376062,112.536521
KLR,Kalmar Airport,SE,56.685501,16.287600
KLU,Klagenfurt Airport,AT,46.642502,14.337700
KLV,Karlovy Vary Airport,CZ,50.202999,12.915000
KLW,Klawock Airport,US,55.579201,-133.076004
KLX,Kalamata Airport,GR,37.068298,22.025499
KMA,Kerema Airport,PG,-7.963610,145.770996
KMC,King Khaled Military City Airport,SA,27.900900,45.528198
KME,Kamembe Airport,RW,-2.462240,28.907900
KMG,Kunming Changshui International Airport,CN,25.110313,102.936743
KMI,Miyazaki Airport,JP,31.877199,131.449005
KMJ,Kumamoto Airport,JP,32.837299,130.854996
KMN,Kamina City Airport,CD,-8.728878,24.991407
KMO,Manokotak Airport,US,58.932056,-158.901886
KMQ,Komatsu Airport / JASDF Komatsu Air Base,JP,36.393407,136.406895
KMS,Prempeh I International Airport,GH,6.714560,-1.590820
KMW,Kostroma Sokerkino Airport,RU,57.796902,41.019402
KMY,Moser Bay Seaplane Base,US,57.025600,-154.145996
KND,Kindu Airport,CD,-2.919180,25.915400
KNG,Utarom Airport,ID,-3.644600,133.695116
KNH,Kinmen Airport,TW,24.427900,118.359001
KNK,Kokhanok Airport,US,59.433248,-154.802170
KNO,Kualanamu International Airport,ID,3.637847,98.870566
KNQ,Koné Airport,NC,-21.053551,164.838768
KNS,King Island Airport,AU,-39.877499,143.878006
KNU,Kanpur Airport,IN,26.404301,80.410103
KNW,New Stuyahok Airport,US,59.451838,-157.373829
KNX,East Kimberley Regional (Kununurra) Airport,AU,-15.778100,128.707993
KOA,Ellison Onizuka Kona International Airport at Keāhole,US,19.738783,-156.045603
KOC,Koumac Airport,NC,-20.546323,164.255648
KOE,El Tari Airport,ID,-10.171600,123.670998
KOI,Kirkwall Airport,GB,58.957903,-2.905077
KOJ,Kagoshima Airport,JP,31.803400,130.718994
KOK,Kokkola-Pietarsaari Airport,FI,63.721199,23.143101
KOP,Nakhon Phanom Airport,TH,17.383801,104.642998
KOS,Sihanouk International Airport,KH,10.570557,103.632067
KOT,Kotlik Airport,US,63.030602,-163.533005
KOV,Kokshetau International Airport,KZ,53.329102,69.594597
KOW,Ganzhou Huangjin Airport,CN,25.853333,114.778889
KOY,Olga Bay Seaplane Base,US,57.161499,-154.229996
KOZ,Ouzinkie Airport,US,57.942094,-152.464314
KPB,Point Baker Seaplane Base,US,56.351898,-133.623001
KPN,Kipnuk Airport,US,59.931796,-164.028196
KPO,Pohang Airport (G-815/K-3),KR,35.987955,129.420383
KPR,Port Williams Seaplane Base,US,58.490101,-152.582001
KPV,Perryville Airport,US,55.906500,-159.160910
KPW,Keperveem Airport,RU,67.845001,166.139999
KPY,Port Bailey Seaplane Base,US,57.931257,-153.040838
KQA,Akutan Airport,US,54.144590,-165.604332
KQH,Kishangarh Airport Ajmer,IN,26.591007,74.812956
KQR,Karara Airport,AU,-29.217223,116.687154
KQT,Bokhtar International Airport,TJ,37.866315,68.864475
KRB,Karumba Airport,AU,-17.456699,140.830002
KRC,Departi Parbo Airport,ID,-2.094042,101.470250
KRE,Kirundo Airport,BI,-2.544772,30.094575
KRF,Kramfors-Sollefteå Höga Kusten Airport,SE,63.048599,17.768900
KRI,Kikori Airport,PG,-7.424380,144.250076
KRK,Kraków John Paul II International Airport,PL,50.077702,19.784800
KRL,Korla Licheng Airport,CN,41.614979,86.140817
KRN,Kiruna Airport,SE,67.821999,20.336800
KRO,Kurgan Airport,RU,55.475300,65.415604
KRP,Midtjyllands Airport / Air Base Karup,DK,56.297139,9.104311
KRR,Krasnodar Pashkovsky International Airport,RU,45.034465,39.174215
KRS,Kristiansand Airport,NO,58.204201,8.085370
KRT,Khartoum International Airport,SD,15.589500,32.553200
KRW,Turkmenbaşy International Airport,TM,40.062833,53.005085
KRY,Karamay Airport,CN,45.466550,84.952700
KSA,Kosrae International Airport,FM,5.356980,162.957993
KSC,Košice International Airport,SK,48.663101,21.241100
KSD,Karlstad Airport,SE,59.444698,13.337400
KSF,Kassel Airport,DE,51.418395,9.391638
KSH,Shahid Ashrafi Esfahani Airport,IR,34.345901,47.158100
KSJ,Kasos Airport,GR,35.421398,26.910000
KSL,Kassala Airport,SD,15.387500,36.328800
KSM,St Mary's Airport,US,62.060501,-163.302002
KSN,Kostanay International Airport,KZ,53.206902,63.550301
KSO,Kastoria National Airport Aristotle,GR,40.446301,21.282200
KSQ,Karshi Airport,UZ,38.802246,65.773068
KSR,Selayar - Haji Aroeppala Airport,ID,-6.179210,120.437479
KSU,"Kristiansund Airport, Kvernberget",NO,63.111801,7.824520
KSY,Kars Airport,TR,40.562199,43.115002
KSZ,Kotlas Airport,RU,61.235802,46.697498
KTA,Karratha Airport,AU,-20.712200,116.773003
KTB,Thorne Bay Seaplane Base,US,55.682762,-132.532883
KTD,Kitadaito Airport,JP,25.944700,131.326996
KTG,Rahadi Osman Airport,ID,-1.817165,109.963469
KTI,Techo International Airport,KH,11.359987,104.921272
KTM,Tribhuvan International Airport,NP,27.696600,85.359100
KTN,Ketchikan International Airport,US,55.355598,-131.714004
KTP,Tinson Pen Airport,JM,17.988600,-76.823799
KTS,Brevig Mission Airport,US,65.331826,-166.467848
KTT,Kittilä International Airport,FI,67.700996,24.846800
KTW,Katowice Wojciech Korfanty International Airport,PL,50.476015,19.080705
KUA,Kuantan Airport,MY,3.775390,103.209000
KUD,Kudat Airport,MY,6.924111,116.837068
KUF,Kurumoch International Airport,RU,53.504902,50.164299
KUG,Kubin Island Airport,AU,-10.226480,142.219619
KUH,Kushiro Airport,JP,43.041000,144.192993
KUK,Kasigluk Airport,US,60.872747,-162.524700
KUL,Kuala Lumpur International Airport,MY,2.745580,101.709999
KUM,Yakushima Airport,JP,30.385599,130.658997
KUN,Kaunas International Airport,LT,54.963965,24.085820
KUO,Kuopio Airport,FI,63.007099,27.797800
KUS,Kulusuk Airport,GL,65.573601,-37.123600
KUT,David the Builder Kutaisi International Airport,GE,42.177448,42.485353
KUU,Kullu Manali Airport,IN,31.876699,77.154404
KUV,Gunsan Airport / Gunsan Air Base,KR,35.903801,126.615997
KUZ,Kuummiut Heliport,GL,65.863935,-36.997919
KVA,Kavala Alexander the Great International Airport,GR,40.913300,24.619200
KVC,King Cove Airport,US,55.116299,-162.266006
KVG,Kavieng Airport,PG,-2.579400,150.807999
KVK,Kirovsk-Apatity Airport,RU,67.462851,33.585294
KVL,Kivalina Airport,US,67.734565,-164.559917
KVM,Markovo Airport,RU,64.665446,170.417626
KVO,Morava Airport,RS,43.817519,20.586662
KVX,Pobedilovo Airport,RU,58.503883,49.347831
KWA,Bucholz Army Air Field,MH,8.720120,167.731995
KWB,Dewadaru Airport,ID,-5.800910,110.478380
KWE,Guiyang Longdongbao International Airport,CN,26.541805,106.804020
KWI,Kuwait International Airport,KW,29.224487,47.969813
KWJ,Gwangju Airport,KR,35.123173,126.805444
KWK,Kwigillingok Airport,US,59.876499,-163.169005
KWL,Guilin Liangjiang International Airport,CN,25.219828,110.039553
KWM,Kowanyama Airport,AU,-15.485369,141.752572
KWN,Quinhagak Airport,US,59.755100,-161.845000
KWP,West Point Village Seaplane Base,US,57.770100,-153.548996
KWT,Kwethluk Airport,US,60.790298,-161.444000
KWZ,Kolwezi Airport,CD,-10.765900,25.505699
KXA,Kasaan Seaplane Base,US,55.537399,-132.397995
KXB,Sangia Nibandera Airport,ID,-4.338158,121.524047
KXF,Koro Island Airport,FJ,-17.345800,179.421997
KXK,Komsomolsk-on-Amur Airport,RU,50.409000,136.934006
KXO,Kisoro Airport,UG,-1.283700,29.719700
KYA,Konya Airport,TR,37.979000,32.561901
KYD,Lanyu Airport,TW,22.027000,121.535004
KYK,Karluk Airport,US,57.565919,-154.453762
KYP,Kyaukpyu Airport,MM,19.426399,93.534798
KYS,Kayes Dag Dag Airport,ML,14.482521,-11.399335
KYU,Koyukuk Airport,US,64.876099,-157.727005
KYZ,Kyzyl Airport,RU,51.669399,94.400597
KZB,Zachar Bay Seaplane Base,US,57.553001,-153.746052
KZI,Kozani National Airport Filippos,GR,40.286098,21.840799
KZN,Kazan International Airport,RU,55.606201,49.278702
KZO,Korkyt Ata International Airport,KZ,44.706902,65.592499
KZR,Zafer Airport,TR,39.111107,30.130405
KZS,Kastelorizo Airport,GR,36.141701,29.576401
LAD,Quatro de Fevereiro International Airport,AO,-8.858370,13.231200
LAE,Nadzab Tomodachi International Airport,PG,-6.567995,146.726544
LAF,Purdue University Airport,US,40.412875,-86.939363
LAJ,Lages Airport,BR,-27.782101,-50.281502
LAK,Aklavik/Freddie Carmichael Airport,CA,68.223297,-135.005990
LAL,Lakeland Linder International Airport,US,27.989267,-82.020715
LAN,Capital Region International Airport,US,42.777582,-84.585721
LAO,Laoag International Airport,PH,18.175089,120.531006
LAP,Manuel Márquez de León International Airport,MX,24.072331,-110.362662
LAQ,Al Abraq International Airport,LY,32.789036,21.954864
LAR,Laramie Regional Airport,US,41.312099,-105.675003
LAS,Harry Reid International Airport,US,36.083361,-115.151817
LAU,Manda Airport,KE,-2.252431,40.912892
LAW,Lawton Fort Sill Regional Airport,US,34.567699,-98.416603
LAX,Los Angeles International Airport,US,33.942501,-118.407997
LBA,Leeds Bradford Airport,GB,53.865898,-1.660570
LBB,Lubbock Preston Smith International Airport,US,33.663601,-101.822998
LBC,Lübeck Blankensee Airport,DE,53.805401,10.719200
LBD,Khujand International Airport,TJ,40.215401,69.694702
LBE,Arnold Palmer Regional Airport,US,40.275902,-79.404800
LBF,North Platte Regional Airport Lee Bird Field,US,41.126202,-100.683998
LBH,Palm Beach Seaplane Base,AU,-33.587100,151.323400
LBJ,Komodo Airport,ID,-8.480694,119.888306
LBL,Liberal Mid-America Regional Airport,US,37.044201,-100.959999
LBP,Long Banga Airport,MY,3.202138,115.401811
LBR,Lábrea Airport,BR,-7.278970,-64.769501
LBS,Labasa Airport,FJ,-16.466700,179.339996
LBU,Labuan Airport,MY,5.301667,115.248333
LBV,Libreville Leon M'ba International Airport,GA,0.458951,9.412140
LBW,Yuvai Semaring Airport,ID,3.900495,115.690089
LCA,Larnaca International Airport,CY,34.875099,33.624901
LCE,Golosón International Airport,HN,15.742500,-86.852997
LCG,A Coruña Airport,ES,43.302101,-8.377260
LCH,Lake Charles Regional Airport,US,30.126101,-93.223297
LCJ,Łódź Władysław Reymont Airport,PL,51.721901,19.398100
LCK,Rickenbacker International Airport,US,39.813801,-82.927803
LCR,Virgilio Barco Vargas (La Chorrera) Airport,CO,-1.456361,-72.801086
LCX,Liancheng Guanzhishan Airport,CN,25.675920,116.745907
LCY,London City Airport,GB,51.505299,0.055278
LDB,Governor José Richa Airport,BR,-23.334375,-51.128365
LDE,Tarbes-Lourdes-Pyrénées Airport,FR,43.178699,-0.006439
LDG,Leshukonskoye Airport,RU,64.896004,45.723000
LDH,Lord Howe Island Airport,AU,-31.538204,159.075460
LDS,Yichun Lindu Airport,CN,47.752056,129.019125
LDU,Lahad Datu Airport,MY,5.032410,118.323760
LDX,Saint-Laurent-du-Maroni Airport,GF,5.481891,-54.034964
LDY,City of Derry Airport,GB,55.042801,-7.161110
LEA,Learmonth Airport,AU,-22.235201,114.090024
LEB,Lebanon Municipal Airport,US,43.626099,-72.304199
LEC,Coronel Horácio de Mattos Airport,BR,-12.482300,-41.277000
LED,Pulkovo Airport,RU,59.800301,30.262501
LEI,Almería Airport,ES,36.843899,-2.370100
LEJ,Leipzig/Halle Airport,DE,51.420657,12.232705
LEL,Lake Evella Airport,AU,-12.498900,135.806000
LEN,León Airport,ES,42.590709,-5.653406
LEQ,Land's End Airport,GB,50.102798,-5.670560
LER,Leinster Airport,AU,-27.843300,120.703003
LET,Alfredo Vásquez Cobo International Airport,CO,-4.191147,-69.942003
LEU,Pirineus - la Seu d'Urgel Airport,ES,42.338600,1.409170
LEV,Levuka Airfield,FJ,-17.711100,178.759003
LEX,Blue Grass Airport,US,38.035066,-84.606738
LFM,Lamerd Airport,IR,27.372700,53.188801
LFQ,Linfen Yaodu Airport,CN,36.132629,111.641236
LFT,Lafayette Regional Airport,US,30.205299,-91.987602
LFW,Lomé–Tokoin International Airport,TG,6.165610,1.254510
LGA,LaGuardia Airport,US,40.777199,-73.872597
LGB,Long Beach International Airport,US,33.816523,-118.149891
LGG,Liège Airport,BE,50.638574,5.443897
LGI,Deadman's Cay Airport,BS,23.179001,-75.093597
LGK,Langkawi International Airport,MY,6.329730,99.728699
LGL,Long Lellang Airport,MY,3.421000,115.153999
LGW,London Gatwick Airport,GB,51.148744,-0.185739
LGZ,Shannan Longzi Airport,CN,28.422422,92.348082
LHE,Allama Iqbal International Airport,PK,31.521601,74.403603
LHG,Lightning Ridge Airport,AU,-29.452857,147.977146
LHL,Lachin International Airport,AZ,39.883787,46.363137
LHR,London Heathrow Airport,GB,51.470748,-0.459909
LHS,Las Heras Airport,AR,-46.538517,-68.965323
LHW,Lanzhou Zhongchuan International Airport,CN,36.515202,103.620003
LIF,Lifou Airport,NC,-20.774563,167.239328
LIG,Limoges Airport,FR,45.862801,1.179440
LIH,Lihue Airport,US,21.974393,-159.337146
LIK,Likiep Airport,MH,9.823160,169.307999
LIL,Lille Airport,FR,50.566564,3.102429
LIM,Jorge Chávez International Airport,PE,-12.021900,-77.114305
LIN,Milano Linate Airport,IT,45.445099,9.276740
LIO,Limón International Airport,CR,9.957960,-83.022003
LIR,Daniel Oduber Quirós International Airport,CR,10.593300,-85.544403
LIS,Lisbon Humberto Delgado Airport,PT,38.781300,-9.135920
LIT,Bill & Hillary Clinton National Airport/Adams Field,US,34.729222,-92.223591
LIW,Loikaw Airport,MM,19.691500,97.214798
LJG,Lijiang Sanyi International Airport,CN,26.677483,100.244944
LJU,Ljubljana Jože Pučnik Airport,SI,46.223701,14.457600
LKA,Larantuka Gewayentana Airport,ID,-8.274424,123.002000
LKB,Lakeba Island Airport,FJ,-18.199200,-178.817001
LKE,Kenmore Air Harbor Seaplane Base,US,47.629002,-122.338997
LKI,Lasikin Airport,ID,2.411328,96.327722
LKL,"Lakselv Airport, Banak",NO,70.068802,24.973499
LKM,Bolaang Mongondow Airport,ID,0.888550,124.033634
LKN,Leknes Airport,NO,68.152496,13.609400
LKO,Chaudhary Charan Singh International Airport,IN,26.760599,80.889297
LLA,Luleå Airport,SE,65.543800,22.122000
LLB,Libo Airport,CN,25.452500,107.961667
LLF,Yongzhou Lingling Airport,CN,26.338661,111.610043
LLK,Lankaran International Airport,AZ,38.757919,48.807042
LLO,Bua - Palopo Lagaligo Airport,ID,-3.082270,120.244823
LLU,Alluitsup Paa Heliport,GL,60.464450,-45.569170
LLV,Lüliang Dawu Airport,CN,37.683333,111.142778
LLW,Kamuzu International Airport,MW,-13.789400,33.780998
LMA,Minchumina Airport,US,63.886002,-152.302002
LMC,La Macarena Airport,CO,2.175650,-73.786740
LMM,Valle del Fuerte International Airport,MX,25.685503,-109.081159
LMN,Limbang Airport,MY,4.808300,115.010002
LMP,Lampedusa Airport,IT,35.497898,12.618100
LMY,Lake Murray Airport,PG,-7.009920,141.494003
LNB,Lamen Bay Airport,VU,-16.584200,168.158997
LNE,Lonorore Airport,VU,-15.865600,168.171997
LNJ,Lincang Boshang Airport,CN,23.738100,100.025002
LNK,Lincoln Airport,US,40.844882,-96.761780
LNL,Longnan Chengzhou Airport,CN,33.789918,105.790014
LNO,Leonora Airport,AU,-28.878099,121.315002
LNS,Lancaster Airport,US,40.121700,-76.296097
LNU,Robert Atty Bessing,ID,3.575256,116.619769
LNV,Londolovit Airport,PG,-3.043610,152.628998
LNY,Lanai Airport,US,20.785675,-156.951324
LNZ,Linz-Hörsching Airport,AT,48.235362,14.188128
LOD,Longana Airport,VU,-15.306700,167.966995
LOE,Loei Airport,TH,17.439100,101.722000
LOH,Ciudad de Catamayo Airport,EC,-3.995606,-79.371902
LOO,Laghouat - Molay Ahmed Medeghri Airport,DZ,33.764400,2.928340
LOP,Lombok International Airport,ID,-8.759962,116.278169
LOS,Murtala Muhammed International Airport,NG,6.577370,3.321160
LPA,Gran Canaria Airport,ES,27.931900,-15.386600
LPB,El Alto International Airport,BO,-16.510272,-68.189416
LPD,La Pedrera Airport,CO,-1.324882,-69.581294
LPF,Liupanshui Yuezhao Airport,CN,26.609417,104.979000
LPI,Linköping City Airport,SE,58.404909,15.684499
LPL,Liverpool John Lennon Airport,GB,53.334863,-2.849637
LPM,Lamap Airport,VU,-16.461123,167.829253
LPP,Lappeenranta Airport,FI,61.044601,28.144743
LPQ,Luang Phabang International Airport,LA,19.904273,102.167191
LPS,Lopez Island Airport,US,48.483898,-122.938004
LPT,Lampang Airport,TH,18.270901,99.504204
LPU,Long Apung Airport,ID,1.706932,114.969934
LPY,Le Puy-Loudes Airfield,FR,45.080700,3.762890
LQM,Caucaya Airport,CO,-0.182278,-74.770800
LRD,Laredo International Airport,US,27.543800,-99.461601
LRE,Longreach Airport,AU,-23.432020,144.277492
LRH,La Rochelle Île de Ré Airport,FR,46.179199,-1.195280
LRM,Casa De Campo International Airport,DO,18.452222,-68.911111
LRR,Lar Airport,IR,27.674700,54.383301
LRS,Leros Airport,GR,37.184898,26.800301
LRU,Las Cruces International Airport,US,32.289398,-106.921997
LRV,Los Roques Airport,VE,11.946935,-66.668333
LSA,Losuia Airport,PG,-8.505820,151.080994
LSC,La Florida Airport,CL,-29.916201,-71.199501
LSE,La Crosse Regional Airport,US,43.879002,-91.256699
LSG,Leshan Airport,CN,29.438627,103.749218
LSH,Lashio Airport,MM,22.977900,97.752197
LSI,Sumburgh Airport,GB,59.878899,-1.295560
LSP,Josefa Camejo International Airport,VE,11.780775,-70.151497
LSR,Alas Leuser Airport,ID,3.391456,97.863726
LST,Launceston Airport,AU,-41.544935,147.210785
LSW,Malikus Saleh Airport,ID,5.226680,96.950302
LSY,Lismore Airport,AU,-28.830689,153.258419
LTD,Ghadames Airport,LY,30.145484,9.702095
LTI,Altai Airport,MN,46.376400,96.221100
LTK,Latakia International Airport,SY,35.401100,35.948700
LTM,Lethem Airport,GY,3.372760,-59.789398
LTN,London Luton Airport,GB,51.874699,-0.368333
LTO,Loreto International Airport,MX,25.989549,-111.348408
LTT,La Môle Airport,FR,43.205399,6.482000
LTU,Murod Kond Airport,IN,18.411501,76.464699
LTX,Cotopaxi International Airport,EC,-0.906833,-78.615799
LUA,Tenzing-Hillary Airport,NP,27.686768,86.729479
LUD,Luderitz Airport,NA,-26.687401,15.242900
LUG,Lugano Airport,CH,46.004299,8.910580
LUK,Cincinnati Municipal Airport Lunken Field,US,39.102357,-84.418945
LUM,Dehong Mangshi International Airport,CN,24.401100,98.531700
LUN,Kenneth Kaunda International Airport,ZM,-15.330833,28.452722
LUP,Kalaupapa Airport,US,21.211000,-156.973999
LUQ,Brigadier Mayor D Cesar Raul Ojeda Airport,AR,-33.273201,-66.356400
LUR,Cape Lisburne LRRS Airport,US,68.875099,-166.110001
LUV,Karel Sadsuitubun Airport,ID,-5.760278,132.759444
LUX,Luxembourg-Findel International Airport,LU,49.626845,6.212134
LUZ,Lublin Airport,PL,51.240157,22.713461
LVI,Harry Mwanga Nkumbula International Airport,ZM,-17.821524,25.819642
LVO,Laverton Airport,AU,-28.614267,122.428673
LWB,Greenbrier Valley Airport,US,37.857914,-80.400438
LWK,Lerwick / Tingwall Airport,GB,60.192200,-1.243610
LWN,Shirak International Airport,AM,40.750401,43.859299
LWS,Lewiston Nez Perce County Airport,US,46.374500,-117.014999
LWY,Lawas Airport,MY,4.849170,115.407997
LXA,Lhasa Gonggar International Airport,CN,29.298001,90.911951
LXG,Luang Namtha Airport,LA,20.966999,101.400002
LXR,Luxor International Airport,EG,25.671018,32.706446
LXS,Limnos Airport,GR,39.917099,25.236300
LYA,Luoyang Beijiao Airport,CN,34.741100,112.388000
LYC,Lycksele Airport,SE,64.548302,18.716200
LYG,Lianyungang Huaguoshan International Airport,CN,34.414060,119.178990
LYH,Lynchburg Regional Airport - Preston Glenn Field,US,37.326698,-79.200401
LYI,Linyi Qiyang Airport,CN,35.052918,118.411828
LYP,Faisalabad International Airport,PK,31.364923,72.995319
LYR,"Svalbard Airport, Longyear",NO,78.246101,15.465600
LYS,Lyon Saint-Exupéry Airport,FR,45.725996,5.090139
LZG,Langzhong Gucheng Airport,CN,31.501910,106.034417
LZH,Liuzhou Bailian Airport / Bailian Air Base,CN,24.207500,109.390999
LZN,Matsu Nangan Airport,TW,26.159656,119.958376
LZO,Luzhou Yunlong Airport,CN,29.030357,105.468407
LZY,Nyingchi Mainling Airport,CN,29.303301,94.335297
MAA,Chennai International Airport,IN,12.990005,80.169296
MAB,João Correa da Rocha Airport,BR,-5.368590,-49.138000
MAD,Adolfo Suárez Madrid–Barajas Airport,ES,40.493407,-3.572249
MAF,Midland International Air and Space Port,US,31.942499,-102.202003
MAG,Madang Airport,PG,-5.207080,145.789001
MAH,Menorca Airport,ES,39.862598,4.218650
MAJ,Marshall Islands International Airport,MH,7.065110,171.271656
MAK,Malakal International Airport,SS,9.558739,31.651937
MAM,General Servando Canales International Airport,MX,25.769899,-97.525299
MAN,Manchester Airport,GB,53.349375,-2.279521
MAO,Eduardo Gomes International Airport,BR,-3.038610,-60.049702
MAQ,Mae Sot Airport,TH,16.699900,98.545097
MAR,La Chinita International Airport,VE,10.557542,-71.729307
MAS,Momote Airport,PG,-2.061890,147.423996
MAU,Maupiti Airport,PF,-16.426500,-152.244003
MAZ,Eugenio Maria De Hostos Airport,PR,18.255699,-67.148499
MBA,Moi International Airport,KE,-4.034830,39.594200
MBD,Mmabatho International Airport,ZA,-25.798401,25.548000
MBE,Monbetsu Airport,JP,44.303902,143.404007
MBI,Songwe Airport,TZ,-8.919942,33.273981
MBJ,Sangster International Airport,JM,18.503420,-77.913230
MBL,Manistee County Blacker Airport,US,44.272707,-86.246495
MBS,MBS International Airport,US,43.533181,-84.083104
MBT,Moises R. Espinosa Airport,PH,12.369682,123.630095
MBW,Melbourne Moorabbin Airport,AU,-37.977765,145.099799
MBX,Maribor Edvard Rusjan Airport,SI,46.479900,15.686100
MCE,Merced Regional Macready Field,US,37.284698,-120.514000
MCG,McGrath Airport,US,62.952900,-155.606003
MCI,Kansas City International Airport,US,39.301699,-94.713893
MCK,McCook Ben Nelson Regional Airport,US,40.207787,-100.592794
MCM,Monaco Heliport,MC,43.725798,7.419673
MCN,Middle Georgia Regional Airport,US,32.692799,-83.649200
MCO,Orlando International Airport,US,28.429399,-81.308998
MCP,Macapá - Alberto Alcolumbre International Airport,BR,0.050664,-51.072201
MCT,Muscat International Airport,OM,23.600218,58.285268
MCV,McArthur River Mine Airport,AU,-16.442499,136.084000
MCW,Mason City Municipal Airport,US,43.159801,-93.329716
MCX,Makhachkala Uytash International Airport,RU,42.816799,47.652302
MCY,Sunshine Coast Airport,AU,-26.593324,153.083190
MCZ,Zumbi dos Palmares International Airport,BR,-9.512559,-35.791839
MDC,Sam Ratulangi International Airport,ID,1.548591,124.926250
MDE,Jose Maria Córdova International Airport,CO,6.164540,-75.423100
MDG,Mudanjiang Hailang International Airport,CN,44.525172,129.568634
MDI,Makurdi Airport,NG,7.703880,8.613940
MDK,Mbandaka Airport,CD,0.022600,18.288700
MDL,Mandalay International Airport,MM,21.702200,95.977898
MDQ,Ástor Piazzola International Airport,AR,-37.934200,-57.573300
MDT,Harrisburg International Airport,US,40.192838,-76.762333
MDU,Mendi Airport,PG,-6.147740,143.656998
MDW,Chicago Midway International Airport,US,41.785999,-87.752403
MDZ,Governor Francisco Gabrielli International Airport,AR,-32.831699,-68.792900
MEB,Melbourne Essendon Airport,AU,-37.728100,144.901993
MEC,Eloy Alfaro International Airport,EC,-0.946078,-80.678802
MED,Prince Mohammad Bin Abdulaziz Airport,SA,24.553400,39.705101
MEE,Maré Airport,NC,-21.482438,168.038465
MEG,Malanje Airport,AO,-9.525090,16.312401
MEH,Mehamn Airport,NO,71.029701,27.826700
MEI,Key Field / Meridian Regional Airport,US,32.332600,-88.751900
MEL,Melbourne Airport,AU,-37.670732,144.837898
MEM,Frederick W. Smith International Airport,US,35.043845,-89.976340
MEQ,Cut Nyak Dhien Airport,ID,4.040998,96.253312
MEX,Mexico City Benito Juárez International Airport,MX,19.435822,-99.070330
MFA,Mafia Airport,TZ,-7.917478,39.668502
MFE,McAllen Miller International Airport,US,26.176141,-98.237965
MFG,Muzaffarabad Airport,PK,34.338835,73.508886
MFJ,Moala Airport,FJ,-18.566700,179.951004
MFK,Matsu Beigan Airport,TW,26.224140,120.002679
MFM,Macau International Airport,MO,22.149599,113.592003
MFR,Rogue Valley International-Medford Airport,US,42.374199,-122.873001
MFU,Mfuwe International Airport,ZM,-13.258900,31.936600
MGA,Augusto C. Sandino (Managua) International Airport,NI,12.141500,-86.168198
MGB,Mount Gambier Airport,AU,-37.744382,140.780561
MGC,Michigan City Municipal Airport,US,41.703300,-86.821198
MGF,Regional de Maringá - Sílvio Name Júnior Airport,BR,-23.476060,-52.016187
MGH,Margate Airport,ZA,-30.857401,30.343000
MGM,Montgomery Regional (Dannelly Field) Airport,US,32.300598,-86.393997
MGQ,Aden Adde International Airport,SO,2.014440,45.304699
MGT,Milingimbi Airport,AU,-12.094400,134.893997
MGW,Morgantown Municipal Airport Walter L. (Bill) Hart Field,US,39.643305,-79.917598
MGZ,Myeik Airport,MM,12.439800,98.621498
MHC,Mocopulli Airport,CL,-42.340388,-73.715693
MHD,Mashhad International Airport,IR,36.234821,59.642949
MHG,Mannheim-City Airport,DE,49.473057,8.514167
MHH,Leonard M. Thompson International Airport,BS,26.510711,-77.084262
MHK,Manhattan Regional Airport,US,39.140999,-96.670799
MHM,Manaoba Airport,SB,-8.325008,160.800510
MHQ,Mariehamn Airport,FI,60.122200,19.898199
MHT,Manchester-Boston Regional Airport,US,42.932598,-71.435699
MHU,Mount Hotham Airport,AU,-37.047501,147.334000
MHX,Manihiki Island Airport,CK,-10.380910,-160.999424
MIA,Miami International Airport,US,25.796011,-80.289751
MID,Manuel Crescencio Rejón International Airport,MX,20.930485,-89.645462
MIG,Mianyang Nanjiao Airport,CN,31.428101,104.740997
MII,Frank Miloye Milenkowichi–Marília State Airport,BR,-22.196899,-49.926485
MIJ,Mili Island Airport,MH,6.084754,171.731419
MIM,Merimbula Airport,AU,-36.908600,149.901001
MIR,Monastir Habib Bourguiba International Airport,TN,35.758099,10.754700
MIS,Misima Island Airport,PG,-10.689200,152.837997
MIU,Maiduguri International Airport,NG,11.854163,13.080702
MJE,Majkin Airport,MH,8.163362,168.173862
MJF,"Mosjøen Airport, Kjærstad",NO,65.783997,13.214900
MJI,Mitiga International Airport,LY,32.891770,13.287878
MJK,Shark Bay Airport,AU,-25.897294,113.575802
MJM,Mbuji Mayi Airport,CD,-6.121240,23.569000
MJN,Amborovy Airport,MG,-15.666842,46.351233
MJT,Mytilene International Airport,GR,39.057406,26.598629
MJY,Motygino Airport,RU,58.180921,94.745272
MJZ,Mirny Airport,RU,62.534698,114.039001
MKE,General Mitchell International Airport,US,42.947201,-87.896599
MKG,Muskegon County Airport,US,43.169498,-86.238197
MKK,Molokai Airport,US,21.152901,-157.095993
MKL,McKellar-Sipes Regional Airport,US,35.599899,-88.915604
MKM,Mukah Airport,MY,2.881944,112.043333
MKP,Makemo Airport,PF,-16.583900,-143.658005
MKQ,Mopah International Airport,ID,-8.523898,140.419693
MKR,Meekatharra Airport,AU,-26.611700,118.547997
MKU,Makokou Airport,GA,0.579211,12.890900
MKW,Rendani Airport,ID,-0.891833,134.048996
MKY,Mackay Airport,AU,-21.170816,149.182588
MKZ,Malacca International Airport,MY,2.265613,102.252778
MLA,Malta International Airport,MT,35.845932,14.491546
MLB,Melbourne Orlando International Airport,US,28.102009,-80.641088
MLE,Velana International Airport,MV,4.191830,73.529099
MLG,Abdul Rachman Saleh Airport,ID,-7.929099,112.714233
MLI,Quad City International Airport,US,41.448502,-90.507500
MLL,Marshall Don Hunter Sr Airport,US,61.864300,-162.026001
MLM,General Francisco J. Mujica International Airport,MX,19.849899,-101.025002
MLN,Melilla Airport,ES,35.279800,-2.956260
MLO,Milos Airport,GR,36.696899,24.476900
MLU,Monroe Regional Airport,US,32.510899,-92.037697
MLW,Spriggs Payne Airport,LR,6.289060,-10.758700
MLX,Malatya Erhaç Airport,TR,38.435299,38.091000
MLY,Manley Hot Springs Airport,US,64.991880,-150.644102
MMB,Memanbetsu Airport,JP,43.880600,144.164001
MMD,Minamidaito Airport,JP,25.846500,131.263000
MME,Teesside International Airport,GB,54.509201,-1.429410
MMG,Mount Magnet Airport,AU,-28.116100,117.842003
MMH,Mammoth Yosemite Airport,US,37.625381,-118.843060
MMJ,Shinshu-Matsumoto Airport,JP,36.166801,137.923004
MMK,Emperor Nicholas II Murmansk Airport,RU,68.781700,32.750801
MMO,Maio Airport,CV,15.155900,-23.213699
MMX,Malmö Sturup Airport,SE,55.535564,13.376327
MMY,Miyako Airport,JP,24.782801,125.294998
MNC,Nacala International Airport,MZ,-14.488200,40.712200
MNF,Mana Island Airport,FJ,-17.672844,177.098500
MNG,Maningrida Airport,AU,-12.056100,134.233994
MNI,John A. Osborne Airport,MS,16.791835,-62.193204
MNJ,Mananjary Airport,MG,-21.201799,48.358299
MNL,Ninoy Aquino International Airport,PH,14.508600,121.019997
MNT,Minto Al Wright Airport,US,65.147991,-149.368658
MNU,Mawlamyine Airport,MM,16.444700,97.660698
MNX,Manicoré Airport,BR,-5.811380,-61.278301
MNY,Mono Airport,SB,-7.416940,155.565002
MOB,Mobile Regional Airport,US,30.691200,-88.242798
MOC,Mário Ribeiro Airport,BR,-16.706919,-43.818901
MOF,Frans Xavier Seda Airport,ID,-8.639514,122.238135
MOG,Mong Hsat Airport,MM,20.516800,99.256798
MOH,Maleo Airport,ID,-2.201143,121.662884
MOI,Mitiaro Island Airport,CK,-19.842501,-157.703003
MOJ,Moengo Airstrip,SR,5.607600,-54.400300
MOL,"Molde Airport, Årø",NO,62.744701,7.262500
MOQ,Morondava Airport,MG,-20.284700,44.317600
MOT,Minot International Airport,US,48.258010,-101.279123
MOU,Mountain Village Airport,US,62.095402,-163.682007
MOV,Moranbah Airport,AU,-22.057800,148.076996
MOZ,Moorea Temae Airport,PF,-17.489790,-149.761777
MPA,Katima Mulilo Airport,NA,-17.634258,24.176688
MPC,Muko Muko Airport,ID,-2.541058,101.087651
MPH,Godofredo P. Ramos Airport,PH,11.924500,121.954002
MPL,Montpellier-Méditerranée Airport,FR,43.576199,3.963010
MPM,Maputo Airport,MZ,-25.920799,32.572601
MPN,Mount Pleasant Airport / RAF Mount Pleasant,FK,-51.822642,-58.445777
MPY,Maripasoula Airport,GF,3.655907,-54.039431
MQC,Miquelon Airport,PM,47.095501,-56.380299
MQF,Magnitogorsk International Airport,RU,53.391991,58.755235
MQJ,Moma Airport,RU,66.450861,143.261551
MQL,Mildura Airport,AU,-34.229198,142.085999
MQM,Mardin Airport,TR,37.223301,40.631699
MQN,"Mo i Rana Airport, Røssvoll",NO,66.363899,14.301400
MQP,Kruger Mpumalanga International Airport,ZA,-25.383327,31.105325
MQS,Mustique Airport,VC,12.887900,-61.180199
MQT,Marquette Sawyer Regional Airport,US,46.351498,-87.395884
MQX,Mekele Alula Aba Nega Airport,ET,13.467400,39.533501
MRA,Misrata International Airport,LY,32.325001,15.061000
MRE,Mara Serena Lodge Airstrip,KE,-1.404588,35.008349
MRI,Merrill Field,US,61.212792,-149.843988
MRS,Marseille Provence Airport,FR,43.438088,5.212500
MRU,Sir Seewoosagur Ramgoolam International Airport,MU,-20.430201,57.683601
MRV,Mineralnye Vody Airport,RU,44.225101,43.081902
MRX,Mahshahr Airport,IR,30.556200,49.151901
MRY,Monterey Regional Airport,US,36.586777,-121.844183
MRZ,Moree Airport,AU,-29.498899,149.845001
MSA,Muskrat Dam Airport,CA,53.441399,-91.762802
MSJ,Misawa Airport / Misawa Air Base,JP,40.703201,141.367996
MSL,Northwest Alabama Regional Airport,US,34.745123,-87.612981
MSN,Dane County Regional Truax Field,US,43.139900,-89.337502
MSO,Missoula Montana Airport,US,46.915816,-114.091107
MSP,Minneapolis–Saint Paul International Airport / Wold–Chamberlain Field,US,44.880081,-93.221741
MSQ,Minsk National Airport,BY,53.888071,28.039964
MSR,Muş Airport,TR,38.747799,41.661201
MSS,Massena International Airport Richards Field,US,44.936157,-74.844304
MST,Maastricht Aachen Airport,NL,50.911087,5.769401
MSU,Moshoeshoe I International Airport,LS,-29.456277,27.554456
MSY,Louis Armstrong New Orleans International Airport,US,29.993401,-90.264673
MSZ,Welwitschia Mirabilis International Airport,AO,-15.261200,12.146800
MTF,Mizan Teferi Airport,ET,6.957100,35.554700
MTJ,Montrose Regional Airport,US,38.509800,-107.893997
MTM,Metlakatla Seaplane Base,US,55.131001,-131.578003
MTP,Montauk Airport,US,41.076500,-71.920797
MTR,Los Garzones Airport,CO,8.823740,-75.825800
MTT,Minatitlán/Coatzacoalcos International Airport,MX,18.103399,-94.580704
MTY,Monterrey International Airport,MX,25.778521,-100.106989
MUA,Munda Airport,SB,-8.327970,157.263000
MUB,Maun International Airport,BW,-19.970491,23.431409
MUC,Munich Airport,DE,48.353802,11.786100
MUE,Waimea Kohala Airport,US,20.001301,-155.667999
MUH,Mersa Matruh International Airport,EG,31.324313,27.222270
MUK,Mauke Airport,CK,-20.136101,-157.345001
MUN,José Tadeo Monagas International Airport,VE,9.749023,-63.153348
MUR,Marudi Airport,MY,4.178734,114.330318
MUX,Multan International Airport,PK,30.203199,71.419098
MUZ,Musoma Airport,TZ,-1.503000,33.802100
MVB,M'Vengue El Hadj Omar Bongo Ondimba International Airport,GA,-1.656160,13.438000
MVD,Carrasco General Cesáreo L. Berisso International Airport,UY,-34.835647,-56.026497
MVF,Dix-Sept Rosado Airport,BR,-5.201920,-37.364300
MVP,Fabio Alberto Leon Bentley Airport,CO,1.253660,-70.233900
MVQ,Mogilev Airport,BY,53.954899,30.095100
MVR,Salak Airport,CM,10.451400,14.257400
MVT,Mataiva Airport,PF,-14.868100,-148.716995
MVY,Martha's Vineyard Airport,US,41.393101,-70.614304
MWA,Veterans Airport of Southern Illinois,US,37.751208,-89.016568
MWL,Mineral Wells Regional Airport,US,32.781601,-98.060204
MWQ,Magway Airport,MM,20.165600,94.941399
MWX,Muan International Airport,KR,34.991406,126.382814
MWZ,Mwanza International Airport,TZ,-2.446563,32.936049
MXH,Moro Airport,PG,-6.363330,143.238007
MXL,General Rodolfo Sánchez Taboada International Airport,MX,32.630629,-115.242805
MXP,Milan Malpensa International Airport,IT,45.630600,8.728110
MXV,Mörön Airport,MN,49.663677,100.100028
MXW,Mandalgobi Airport,MN,45.738098,106.268997
MXX,Mora Airport,SE,60.957901,14.511400
MXZ,Meizhou Meixian Changgangji International Airport,CN,24.263425,116.097857
MYA,Moruya Airport,AU,-35.897800,150.143997
MYD,Malindi International Airport,KE,-3.229310,40.101700
MYE,Miyakejima Airport,JP,34.073601,139.559998
MYG,Mayaguana Airport,BS,22.379499,-73.013494
MYI,Murray Island Airport,AU,-9.915105,144.054644
MYJ,Matsuyama Airport,JP,33.826893,132.700114
MYK,May Creek Airport,US,61.335701,-142.686996
MYL,McCall Municipal Airport,US,44.888837,-116.101112
MYP,Mary International Airport,TM,37.623530,61.895668
MYQ,Mysore Airport,IN,12.229751,76.653683
MYR,Myrtle Beach International Airport,US,33.679699,-78.928299
MYT,Myitkyina Airport,MM,25.383600,97.351898
MYU,Mekoryuk Airport,US,60.372338,-166.269751
MYW,Mtwara Airport,TZ,-10.336204,40.181997
MYY,Miri Airport,MY,4.322010,113.987000
MZG,Penghu Magong Airport,TW,23.568701,119.627998
MZH,Amasya Merzifon Airport,TR,40.829399,35.521999
MZI,Mopti Airport,ML,14.512800,-4.079560
MZL,La Nubia Airport,CO,5.029600,-75.464700
MZO,Sierra Maestra International Airport,CU,20.288605,-77.087545
MZQ,Mkuze Airport,ZA,-27.626101,32.044300
MZR,Mazar-i-Sharif International Airport,AF,36.704120,67.210459
MZS,Moradabad Airport,IN,28.817460,78.921870
MZT,General Rafael Buelna International Airport,MX,23.162823,-106.264517
MZV,Mulu Airport,MY,4.048330,114.805000
MZW,Mecheria Airport,DZ,33.535900,-0.242353
NAA,Narrabri Airport,AU,-30.319201,149.826996
NAG,Dr. Babasaheb Ambedkar International Airport,IN,21.092199,79.047203
NAH,Naha Airport,ID,3.684780,125.527162
NAJ,Nakhchivan International Airport,AZ,39.188801,45.458401
NAL,Nalchik Airport,RU,43.512901,43.636600
NAM,Namniwel Airport,ID,-3.143159,126.976469
NAN,Nadi International Airport,FJ,-17.761822,177.437843
NAO,Nanchong Gaoping Airport,CN,30.798104,106.164150
NAP,Naples International Airport,IT,40.886002,14.290800
NAQ,Qaanaaq Airport,GL,77.488602,-69.388702
NAS,Lynden Pindling International Airport,BS,25.039000,-77.466202
NAT,Rio Grande do Norte/São Gonçalo do Amarante–Governador Aluízio Alves International Airport,BR,-5.769822,-35.366610
NAU,Napuka Island Airport,PF,-14.177397,-141.266112
NAV,Nevşehir Kapadokya Airport,TR,38.771900,34.534500
NAW,Narathiwat Airport,TH,6.519920,101.742996
NBC,Begishevo Airport,RU,55.564701,52.092499
NBE,Enfidha - Hammamet International Airport,TN,36.075833,10.438611
NBJ,Dr. Antonio Agostinho Neto International Airport,AO,-9.050734,13.499078
NBN,Annobón Airport,GQ,-1.408615,5.624163
NBO,Jomo Kenyatta International Airport,KE,-1.318886,36.928233
NBS,Changbaishan Airport,CN,42.066944,127.602222
NCA,North Caicos Airport,TC,21.916094,-71.942954
NCE,Nice-Côte d'Azur Airport,FR,43.658401,7.215870
NCL,Newcastle International Airport,GB,55.037958,-1.689577
NCN,Chenega Bay Airport,US,60.077602,-147.994680
NCU,Nukus International Airport,UZ,42.488400,59.623299
NCY,Annecy Meythet airport,FR,45.928947,6.098700
NDB,Nouadhibou International Airport,MR,20.932404,-17.030199
NDC,Nanded Airport,IN,19.183300,77.316704
NDG,Qiqihar Sanjiazi Airport,CN,47.229969,123.914179
NDJ,N'Djamena International Airport,TD,12.133700,15.034000
NDR,Nador Al Aaroui International Airport,MA,34.988800,-3.028210
NDU,Rundu Airport,NA,-17.956499,19.719400
NDY,Sanday Airport,GB,59.250301,-2.576670
NEC,Necochea Airport,AR,-38.490746,-58.816337
NER,Chulman Airport,RU,56.913898,124.914001
NEV,Vance W. Amory International Airport,KN,17.205700,-62.589901
NGB,Ningbo Lishe International Airport,CN,29.826700,121.461998
NGE,N'Gaoundéré Airport,CM,7.357010,13.559200
NGI,Ngau Airport,FJ,-18.115601,179.339996
NGK,Nogliki Airport,RU,51.783955,143.141785
NGO,Chubu Centrair International Airport,JP,34.858398,136.804993
NGQ,Ngari Gunsa Airport,CN,32.097940,80.053971
NGS,Nagasaki Airport,JP,32.916901,129.914001
NHV,Nuku Hiva Airport,PF,-8.795600,-140.229004
NIB,Nikolai Airport,US,63.017949,-154.360399
NIM,Diori Hamani International Airport,NE,13.481500,2.183610
NIQ,Niaqornat Heliport,GL,70.789385,-53.662945
NIU,Naiu Airport,PF,-16.119296,-146.368768
NJC,Nizhnevartovsk Airport,RU,60.949299,76.483597
NJF,Al Najaf International Airport,IQ,31.991116,44.405019
NKC,Nouakchott–Oumtounsy International Airport,MR,18.310000,-15.969722
NKG,Nanjing Lukou International Airport,CN,31.735032,118.865949
NKI,Naukati Bay Seaplane Base,US,55.849602,-133.227994
NKM,Nagoya Airport / JASDF Komaki Air Base,JP,35.255759,136.924095
NKT,Şırnak Şerafettin Elçi Airport,TR,37.364700,42.058200
NLA,Simon Mwansa Kapwepwe International Airport,ZM,-12.965130,28.515624
NLD,Quetzalcóatl International Airport,MX,27.443899,-99.570503
NLF,Darnley Island Airport,AU,-9.579176,143.780276
NLG,Nelson Lagoon Airport,US,56.007500,-161.160004
NLH,Ninglang Luguhu Airport,CN,27.540300,100.759300
NLI,Nikolayevsk-na-Amure Airport,RU,53.154999,140.649994
NLK,Norfolk Island International Airport,NF,-29.041759,167.939474
NLT,Xinyuan Nalati Airport,CN,43.431800,83.378600
NLU,Felipe Ángeles International Airport,MX,19.743824,-99.015070
NMA,Namangan International Airport,UZ,40.984622,71.557800
NME,Nightmute Airport,US,60.469129,-164.704070
NMF,Maafaru International Airport,MV,5.817407,73.468404
NMI,Navi Mumbai International Airport,IN,18.984597,73.065253
NNB,Santa Ana Airport,SB,-10.847994,162.454108
NNG,Nanning Wuxu International Airport,CN,22.598071,108.181922
NNM,Naryan Mar Airport,RU,67.639999,53.121899
NNR,Connemara Regional Airport,IE,53.230301,-9.467780
NNT,Nan Airport,TH,18.807899,100.782997
NNY,Nanyang Jiangying Airport,CN,32.982696,112.617467
NOB,Nosara Airport,CR,9.976490,-85.653000
NOC,Ireland West Airport Knock,IE,53.910439,-8.817002
NOD,Norden-Norddeich Airport,DE,53.633057,7.190278
NOJ,Noyabrsk Airport,RU,63.183300,75.269997
NOP,Sinop Airport,TR,42.018313,35.071774
NOS,Nosy Be International Airport,MG,-13.312100,48.314800
NOU,La Tontouta International Airport,NC,-22.014601,166.212997
NOV,Albano Machado Airport,AO,-12.808900,15.760500
NOZ,Spichenkovo Airport,RU,53.811401,86.877197
NPE,Hawke's Bay Airport,NZ,-39.465801,176.869995
NPL,New Plymouth Airport,NZ,-39.008598,174.179001
NPO,Nanga Pinoh Airport,ID,-0.348640,111.746155
NPT,Newport State Airport,US,41.532207,-71.281039
NQN,Presidente Perón International Airport,AR,-38.949001,-68.155701
NQU,Reyes Murillo Airport,CO,5.710348,-77.261868
NQY,Cornwall Airport Newquay,GB,50.440601,-4.995410
NQZ,Nursultan Nazarbayev International Airport,KZ,51.027035,71.467094
NRA,Narrandera Airport,AU,-34.702202,146.511993
NRD,Norderney Airport,DE,53.706944,7.230000
NRK,Norrköping Airport,SE,58.586300,16.250601
NRL,North Ronaldsay Airport,GB,59.367500,-2.434440
NRN,Weeze (Niederrhein) Airport,DE,51.601362,6.141228
NRR,José Aponte de la Torre Airport,PR,18.247262,-65.639790
NRT,Narita International Airport,JP,35.768580,140.388714
NSB,Bimini North Seaplane Base,BS,25.767000,-79.250000
NSH,Nowshahr Airport,IR,36.664286,51.462730
NSI,Yaoundé Nsimalen International Airport,CM,3.722560,11.553300
NSK,Alykel International Airport,RU,69.307951,87.325906
NSN,Nelson Airport,NZ,-41.296709,173.224323
NST,Nakhon Si Thammarat Airport,TH,8.539620,99.944702
NTE,Nantes Atlantique Airport,FR,47.153198,-1.610730
NTG,Nantong Xingdong International Airport,CN,32.073566,120.980076
NTL,Newcastle Airport,AU,-32.796114,151.835025
NTN,Normanton Airport,AU,-17.684090,141.069664
NTQ,Noto Satoyama Airport,JP,37.293098,136.962006
NTT,Kuini Lavenia Airport,TO,-15.977297,-173.791089
NTX,Ranai Airport,ID,3.908710,108.388000
NUE,Nuremberg Airport,DE,49.498699,11.078056
NUI,Nuiqsut Airport,US,70.209999,-151.005998
NUL,Nulato Airport,US,64.729301,-158.074005
NUM,Neom Bay Airport,SA,27.924261,35.293580
NUP,Nunapitchuk Airport,US,60.905591,-162.440454
NUS,Norsup Airport,VU,-16.079700,167.401001
NUX,Novy Urengoy Airport,RU,66.069397,76.520302
NVA,Benito Salas Airport,CO,2.950150,-75.294000
NVI,Navoi International Airport,UZ,40.117599,65.172658
NVT,Ministro Victor Konder International Airport,BR,-26.879431,-48.650979
NWI,Norwich Airport,GB,52.675800,1.282780
NYA,Nyagan Airport,RU,62.110001,65.614998
NYI,Sunyani Airport,GH,7.361830,-2.328760
NYK,Nanyuki Civil Airport,KE,-0.062352,37.041296
NYM,Nadym Airport,RU,65.480904,72.698898
NYO,Stockholm Skavsta Airport,SE,58.789656,16.911479
NYS,New York Skyports Inc Seaplane Base,US,40.735061,-73.972814
NYT,Nay Pyi Taw International Airport,MM,19.623501,96.200996
NYU,Bagan Airport,MM,21.178801,94.930199
NZC,Maria Reiche Neuman Airport,PE,-14.854000,-74.961502
NZG,Nizhneangarsk International Airport,RU,55.800800,109.595001
NZH,Manzhouli Xijiao Airport,CN,49.566667,117.330000
NZL,Zhalantun Genghis Khan Airport,CN,47.865942,122.768662
OAJ,Albert J Ellis Airport,US,34.829201,-77.612099
OAK,Oakland San Francisco Bay Airport,US,37.720085,-122.221184
OAL,Cacoal Airport,BR,-11.496000,-61.450800
OAX,Xoxocotlán International Airport,MX,16.998773,-96.726092
OBN,Oban Airport,GB,56.463501,-5.399670
OBO,Tokachi-Obihiro Airport,JP,42.733299,143.216995
OBU,Kobuk Airport,US,66.912300,-156.897003
OBX,Obo Airport,PG,-7.590622,141.324263
OBY,Ittoqqortoormiit Heliport,GL,70.488229,-21.971680
OCC,Francisco De Orellana Airport,EC,-0.462886,-76.986801
OCE,Ocean City Municipal Airport,US,38.310398,-75.124001
OCJ,Ian Fleming International Airport,JM,18.404079,-76.969754
OCS,Corisco International Airport,GQ,0.910937,9.330270
ODB,Córdoba Airport,ES,37.841999,-4.848880
ODE,Odense Hans Christian Andersen Airport,DK,55.475307,10.327206
ODN,Long Seridan Airport,MY,3.976087,115.067303
ODO,Bodaybo Airport,RU,57.866100,114.242996
ODY,Oudomsay Airport,LA,20.682699,101.994003
OEC,Oecusse Route of the Sandalwood International Airport,TL,-9.198419,124.337873
OER,Örnsköldsvik Airport,SE,63.408298,18.990000
OES,Antoine de Saint Exupéry Airport,AR,-40.751200,-65.034300
OFU,Ofu Airport,AS,-14.184400,-169.669998
OGD,Ogden Hinckley Airport,US,41.195900,-112.012001
OGG,Kahului International Airport,US,20.896263,-156.431837
OGL,Eugene F. Correia International Airport,GY,6.805881,-58.107657
OGN,Yonaguni Airport,JP,24.467298,122.979827
OGS,Ogdensburg International Airport,US,44.681900,-75.465500
OGU,Ordu–Giresun Airport,TR,40.966872,38.085995
OGX,Ain Beida Airport,DZ,31.917200,5.412780
OGZ,Vladikavkaz Beslan International Airport,RU,43.205101,44.606602
OHD,Ohrid St. Paul the Apostle Airport,MK,41.180000,20.742300
OHE,Mohe Gulian Airport,CN,52.916871,122.422759
OHO,Okhotsk Airport,RU,59.410065,143.056503
OHS,Suhar International Airport,OM,24.386040,56.625410
OIM,Oshima Airport,JP,34.782001,139.360001
OIR,Okushiri Airport,JP,42.071701,139.432999
OIT,Oita Airport,JP,33.479401,131.737000
OJU,Tanjung Api Airport,ID,-0.865437,121.628625
OKA,Naha International Airport,JP,26.192437,127.639804
OKC,OKC Will Rogers World Airport,US,35.393388,-97.598248
OKD,Sapporo Okadama Airport,JP,43.117447,141.381340
OKE,Okinoerabu Airport,JP,27.431604,128.705564
OKI,Oki Global Geopark Airport,JP,36.178388,133.323566
OKJ,Okayama Momotaro Airport,JP,34.756901,133.854996
OKL,Oksibil Airport,ID,-4.907100,140.627700
OKR,Yorke Island Airport,AU,-9.752801,143.405673
OKY,Oakey Army Aviation Centre,AU,-27.409262,151.736727
OLA,Ørland Airport,NO,63.698898,9.604000
OLB,Olbia Costa Smeralda Airport,IT,40.898953,9.518457
OLF,L M Clayton Airport,US,48.094501,-105.574997
OLH,Old Harbor Airport,US,57.218102,-153.270004
OLJ,North West Santo Airport,VU,-14.881700,166.557999
OLM,Olympia Regional Airport,US,46.969399,-122.903000
OLP,Olympic Dam Airport,AU,-30.483861,136.876699
OLZ,Olyokminsk Airport,RU,60.401833,120.476094
OMA,Eppley Airfield,US,41.303200,-95.894096
OMD,Oranjemund Airport,NA,-28.585318,16.446380
OME,Nome Airport,US,64.512199,-165.445007
OMH,Urmia Airport,IR,37.668098,45.068699
OMN,Zomin Airport,UZ,40.014020,68.411030
OMO,Mostar International Airport,BA,43.282489,17.846101
OMR,Oradea International Airport,RO,47.025299,21.902500
OMS,Omsk Central Airport,RU,54.963124,73.312418
OND,Ondangwa Airport,NA,-17.878201,15.952600
ONG,Mornington Island Airport,AU,-16.662500,139.177994
ONJ,Odate Noshiro Airport,JP,40.191898,140.371002
ONQ,Zonguldak Çaycuma Airport,TR,41.506401,32.088600
ONT,Ontario International Airport,US,34.056000,-117.600998
ONX,Enrique Adolfo Jimenez Airport,PA,9.356640,-79.867401
OOK,Toksook Bay Airport,US,60.541401,-165.087006
OOL,Gold Coast Airport,AU,-28.165962,153.506641
OOM,Cooma Snowy Mountains Airport,AU,-36.300445,148.972408
OPF,Miami-Opa Locka Executive Airport,US,25.907000,-80.278397
OPO,Francisco de Sá Carneiro Airport,PT,41.248100,-8.681390
OPP,Salinópolis Airport,BR,-0.696111,-47.336111
OPS,Presidente João Batista Figueiredo Airport,BR,-11.885001,-55.586109
OPU,Balimo Airport,PG,-8.050000,142.932999
ORB,Örebro Airport,SE,59.223701,15.038000
ORD,Chicago O'Hare International Airport,US,41.978600,-87.904800
ORF,Norfolk International Airport,US,36.895341,-76.201000
ORG,Zorg en Hoop Airport,SR,5.811211,-55.192299
ORH,Worcester Regional Airport,US,42.267300,-71.875702
ORI,Port Lions Airport,US,57.884905,-152.847719
ORK,Cork International Airport,IE,51.841301,-8.491110
ORN,Oran Es-Sénia (Ahmed Ben Bella) International Airport,DZ,35.620648,-0.622486
ORT,Northway Airport,US,62.961300,-141.929001
ORU,Juan Mendoza International Airport,BO,-17.956151,-67.075829
ORV,Robert (Bob) Curtis Memorial Airport,US,66.817902,-161.018997
ORY,Paris-Orly Airport,FR,48.729499,2.358963
ORZ,H.E Alfredo Martinez (Tower Hill) Airstrip,BZ,18.046767,-88.583858
OSD,Åre Östersund Airport,SE,63.193546,14.504168
OSI,Osijek Airport,HR,45.462355,18.811278
OSL,Oslo-Gardermoen International Airport,NO,60.193901,11.100400
OSR,Leoš Janáček Airport Ostrava,CZ,49.696301,18.111099
OSS,Osh International Airport,KG,40.609001,72.793297
OST,Ostend-Bruges International Airport,BE,51.199800,2.874673
OSW,Orsk Airport,RU,51.072498,58.595600
OSY,Namsos Airport,NO,64.472198,11.578600
OTD,Raul Arias Espinoza Airport,PA,8.628760,-79.034698
OTH,Southwest Oregon Regional Airport,US,43.417099,-124.246002
OTP,Bucharest Henri Coandă International Airport,RO,44.571792,26.103285
OTS,Anacortes Airport,US,48.498513,-122.662513
OTZ,Ralph Wien Memorial Airport,US,66.884697,-162.598999
OUA,Ouagadougou Thomas Sankara International Airport,BF,12.353200,-1.512420
OUD,Oujda Angads Airport,MA,34.789558,-1.926041
OUI,Ouessant Airport,FR,48.463200,-5.063580
OUL,Oulu Airport,FI,64.930099,25.354601
OUZ,Tazadit Airport,MR,22.757345,-12.482228
OVB,Novosibirsk Tolmachevo Airport,RU,55.019756,82.618675
OVD,Asturias Airport,ES,43.563599,-6.034620
OVS,Sovetskiy Airport,RU,61.326622,63.601913
OWB,Owensboro Daviess County Airport,US,37.740101,-87.166801
OXB,Osvaldo Vieira International Airport,GW,11.894262,-15.653596
OYE,Oyem Airport,GA,1.543110,11.581400
OZC,Labo Airport,PH,8.178510,123.842003
OZG,Zagora Airport,MA,30.265788,-5.860808
OZZ,Ouarzazate International Airport,MA,30.939100,-6.909430
PAB,Bilaspur Airport,IN,21.988400,82.111000
PAC,Marcos A. Gelabert International Airport,PA,8.973340,-79.555603
PAD,Paderborn Lippstadt Airport,DE,51.612527,8.617459
PAE,Seattle Paine Field International Airport,US,47.906300,-122.281998
PAG,Pagadian Airport,PH,7.825632,123.459635
PAH,Barkley Regional Airport,US,37.060799,-88.773804
PAP,Toussaint Louverture International Airport,HT,18.580023,-72.292596
PAS,Paros National Airport,GR,37.020495,25.113195
PAT,Jay Prakash Narayan Airport,IN,25.591299,85.087997
PAV,Paulo Afonso Airport,BR,-9.400880,-38.250599
PAZ,El Tajín National Airport,MX,20.602699,-97.460800
PBC,Hermanos Serdán International Airport,MX,19.158465,-98.371582
PBD,Porbandar Airport,IN,21.649524,69.656405
PBG,Plattsburgh International Airport,US,44.650902,-73.468102
PBH,Paro International Airport,BT,27.403200,89.424599
PBJ,Tavie Airport,VU,-16.431955,168.235511
PBM,Johan Adolf Pengel International Airport,SR,5.452830,-55.187801
PBO,Paraburdoo Airport,AU,-23.171101,117.745003
PBR,Puerto Barrios Airport,GT,15.730900,-88.583801
PBU,Putao Airport,MM,27.329901,97.426300
PCL,Cap FAP David Abenzur Rengifo International Airport,PE,-8.378064,-74.574495
PCN,Picton Aerodrome,NZ,-41.346100,173.955994
PCP,Principe Airport,ST,1.661155,7.411081
PCR,German Olano Airport,CO,6.184720,-67.493200
PDA,Obando Cesar Gaviria Trujillo Airport,CO,3.853530,-67.906200
PDB,Pedro Bay Airport,US,59.796925,-154.129994
PDG,Minangkabau International Airport,ID,-0.785964,100.280384
PDK,DeKalb Peachtree Airport,US,33.876330,-84.302130
PDL,João Paulo II Airport,PT,37.741199,-25.697901
PDM,Capt. J. Montenegro Airport,PA,7.534801,-80.043347
PDO,Pendopo Airport,ID,-3.286070,103.879997
PDP,Capitan Corbeta CA Curbelo International Airport,UY,-34.855099,-55.094299
PDS,Piedras Negras International Airport,MX,28.627873,-100.535240
PDT,Eastern Oregon Regional Airport at Pendleton,US,45.695099,-118.841003
PDV,Plovdiv International Airport,BG,42.067799,24.850800
PDX,Portland International Airport,US,45.588699,-122.598000
PEC,Pelican Seaplane Base,US,57.955200,-136.235992
PED,Pardubice Airport,CZ,50.015049,15.739810
PEE,Perm International Airport,RU,57.914501,56.021198
PEG,Perugia San Francesco d'Assisi – Umbria International Airport,IT,43.095901,12.513200
PEI,Matecaña International Airport,CO,4.812670,-75.739500
PEK,Beijing Capital International Airport,CN,40.077349,116.596702
PEM,Padre Aldamiz International Airport,PE,-12.613600,-69.228600
PEN,Penang International Airport,MY,5.296303,100.276185
PER,Perth International Airport,AU,-31.940300,115.967003
PES,Petrozavodsk Airport,RU,61.885201,34.154701
PET,João Simões Lopes Neto International Airport,BR,-31.717189,-52.327796
PEU,Puerto Lempira Airport,HN,15.262200,-83.781197
PEV,Pécs-Pogány International Airport,HU,45.988891,18.242044
PEW,Bacha Khan International Airport,PK,33.993900,71.514603
PEX,Pechora Airport,RU,65.121101,57.130798
PEZ,Penza Airport,RU,53.110600,45.021099
PFB,Lauro Kurtz Airport,BR,-28.243976,-52.327770
PFO,Paphos International Airport,CY,34.717999,32.485699
PFQ,Parsabad-Moghan Airport,IR,39.603600,47.881500
PFR,Ilebo Airport,CD,-4.329919,20.590124
PGA,Page Municipal Airport,US,36.924234,-111.447716
PGD,Punta Gorda Airport,US,26.920200,-81.990501
PGF,Perpignan-Rivesaltes (Llabanère) Airport,FR,42.740398,2.870670
PGH,Pantnagar Airport,IN,29.033400,79.473701
PGK,Depati Amir Airport,ID,-2.162200,106.139000
PGM,Port Graham Airport,US,59.348355,-151.830025
PGU,Persian Gulf International Airport,IR,27.379601,52.737701
PGV,Pitt-Greenville Airport,US,35.635535,-77.384262
PGZ,Ponta Grossa Airport - Comandante Antonio Amilton Beraldo,BR,-25.184476,-50.143822
PHB,Parnaíba - Prefeito Doutor João Silva Filho International Airport,BR,-2.893750,-41.731998
PHC,Port Harcourt International Airport,NG,5.015490,6.949590
PHE,Port Hedland International Airport,AU,-20.382787,118.629789
PHF,Newport News Williamsburg International Airport,US,37.131901,-76.492996
PHG,Port Harcourt City Airport / Port Harcourt Air Force Base,NG,4.846111,7.021389
PHH,Pokhara International Airport,NP,28.183800,84.014700
PHL,Philadelphia International Airport,US,39.871899,-75.241096
PHO,Point Hope Airport,US,68.348801,-166.798996
PHS,Phitsanulok Airport,TH,16.782900,100.278999
PHW,Hendrik Van Eck Airport,ZA,-23.937201,31.155399
PHX,Phoenix Sky Harbor International Airport,US,33.435302,-112.005905
PHY,Phetchabun Airport,TH,16.676001,101.195000
PIA,General Wayne A. Downing Peoria International Airport,US,40.663841,-89.692631
PIB,Hattiesburg Laurel Regional Airport,US,31.467100,-89.337097
PIE,St. Petersburg Clearwater International Airport,US,27.910200,-82.687401
PIH,Pocatello Regional Airport,US,42.909801,-112.596001
PIK,Glasgow Prestwick Airport,GB,55.501499,-4.577182
PIP,Pilot Point Airport,US,57.580399,-157.572006
PIR,Pierre Regional Airport,US,44.382702,-100.286003
PIS,Poitiers-Biard Airport,FR,46.587700,0.306666
PIT,Pittsburgh International Airport,US,40.491501,-80.232903
PIU,PAF Captain Guillermo Concha Iberico International Airport,PE,-5.205750,-80.616402
PIX,Pico Airport,PT,38.554298,-28.441299
PIZ,Point Lay LRRS Airport,US,69.732903,-163.005005
PJA,Pajala Airport,SE,67.244569,23.074894
PJM,Puerto Jimenez Airport,CR,8.533330,-83.300003
PKA,Napaskiak Airport,US,60.702900,-161.778000
PKB,Mid Ohio Valley Regional Airport,US,39.345100,-81.439201
PKC,Yelizovo Airport,RU,53.168716,158.451068
PKE,Parkes Airport,AU,-33.131401,148.238998
PKG,Pulau Pangkor Airport,MY,4.244720,100.553001
PKN,Iskandar Airport,ID,-2.705200,111.672997
PKP,Puka Puka Airport,PF,-14.809550,-138.812621
PKR,Pokhara Domestic Airport,NP,28.200621,83.981203
PKU,Sultan Syarif Kasim II International Airport / Roesmin Nurjadin AFB,ID,0.458647,101.444321
PKV,Princess Olga Pskov International Airport,RU,57.781316,28.393840
PKX,Beijing Daxing International Airport,CN,39.501289,116.413967
PKY,Tjilik Riwut Airport,ID,-2.227146,113.943388
PKZ,Pakse International Airport,LA,15.133973,105.779871
PLJ,Placencia Airport,BZ,16.536957,-88.361511
PLM,Sultan Mahmud Badaruddin II Airport,ID,-2.897653,104.698147
PLN,Pellston Regional Airport of Emmet County Airport,US,45.570900,-84.796700
PLO,Port Lincoln Airport,AU,-34.605301,135.880005
PLQ,Palanga International Airport,LT,55.973202,21.093901
PLS,Providenciales International Airport,TC,21.773697,-72.268321
PLW,Mutiara - SIS Al-Jufrie Airport,ID,-0.916462,119.908647
PLX,Semei International Airport,KZ,50.351295,80.234398
PLZ,Chief Dawid Stuurman International Airport,ZA,-33.989715,25.617353
PMC,El Tepual International Airport,CL,-41.443093,-73.094065
PMF,Parma Airport,IT,44.826351,10.297050
PMG,Ponta Porã Airport,BR,-22.549601,-55.702599
PMI,Palma de Mallorca Airport,ES,39.551701,2.738810
PMK,Palm Island Airport,AU,-18.755301,146.580994
PMO,Falcone–Borsellino Airport,IT,38.175999,13.091000
PMQ,Perito Moreno Jalil Hamer Airport,AR,-46.537899,-70.978699
PMR,Palmerston North Airport,NZ,-40.320599,175.617004
PMV,Del Caribe Santiago Mariño International Airport,VE,10.912603,-63.966599
PMW,Brigadeiro Lysias Rodrigues Airport,BR,-10.291500,-48.356998
PMY,El Tehuelche Airport,AR,-42.759200,-65.102700
PNA,Pamplona Airport,ES,42.770000,-1.646330
PND,Punta Gorda Airport,BZ,16.102400,-88.808296
PNI,Pohnpei International Airport,FM,6.985082,158.209920
PNK,Supadio International Airport,ID,-0.152258,109.404493
PNL,Pantelleria Airport,IT,36.816502,11.968900
PNP,Girua Airport,PG,-8.804540,148.309006
PNQ,Pune International Airport,IN,18.582100,73.919701
PNR,Antonio Agostinho-Neto International Airport,CG,-4.816030,11.886600
PNS,Pensacola International Airport,US,30.472718,-87.186639
PNT,Lieutenant Julio Gallardo Airport,CL,-51.670670,-72.529078
PNY,Pondicherry Airport,IN,11.968000,79.812000
PNZ,Senador Nilo Coelho Airport,BR,-9.362422,-40.569098
POA,Porto Alegre-Salgado Filho International Airport,BR,-29.993984,-51.167482
POG,Port Gentil International Airport,GA,-0.711739,8.754380
POL,Pemba Airport,MZ,-12.993302,40.524867
POM,Port Moresby Jacksons International Airport,PG,-9.443380,147.220001
POP,Gregorio Luperon International Airport,DO,19.757900,-70.570000
POR,Pori Airport,FI,61.461700,21.799999
POS,Piarco International Airport,TT,10.595350,-61.337568
POZ,Poznań-Ławica Airport,PL,52.421598,16.823359
PPB,Presidente Prudente Airport,BR,-22.175100,-51.424599
PPE,Mar de Cortés International Airport,MX,31.351987,-113.305177
PPG,Pago Pago International Airport,AS,-14.331000,-170.710007
PPK,Petropavl International Airport,KZ,54.775622,69.187415
PPN,Guillermo León Valencia Airport,CO,2.454359,-76.609253
PPP,Proserpine Whitsunday Coast Airport,AU,-20.494416,148.553583
PPS,Puerto Princesa International Airport / PAF Antonio Bautista Air Base,PH,9.742044,118.759110
PPT,Fa'a'ā International Airport,PF,-17.553472,-149.606936
PPV,Port Protection Seaplane Base,US,56.328800,-133.610001
PPW,Papa Westray Airport,GB,59.351012,-2.900353
PQC,Phú Quốc International Airport,VN,10.169783,103.993530
PQI,Presque Isle International Airport,US,46.688999,-68.044800
PQQ,Port Macquarie Airport,AU,-31.435801,152.863007
PQS,Pilot Station Airport,US,61.961690,-162.941944
PQT,Qeqertaq Heliport,GL,69.995861,-51.300917
PRA,General Urquiza Airport,AR,-31.794800,-60.480400
PRC,Prescott Regional Airport - Ernest A. Love Field,US,34.653502,-112.419883
PRG,Václav Havel Airport Prague,CZ,50.100874,14.259911
PRI,Praslin Island Airport,SC,-4.319256,55.691561
PRM,Portimão Airport,PT,37.149300,-8.583960
PRN,Priština Adem Jashari International Airport,XK,42.572800,21.035801
PSA,Pisa International Airport,IT,43.683899,10.392700
PSC,Tri Cities Airport,US,46.264702,-119.119003
PSD,Port Said International Airport,EG,31.279285,32.240582
PSE,Mercedita International Airport,PR,18.008301,-66.563004
PSG,Petersburg James A Johnson Airport,US,56.801701,-132.945007
PSM,Portsmouth International Airport at Pease,US,43.077900,-70.823303
PSO,Antonio Nariño Airport,CO,1.396722,-77.290930
PSP,Palm Springs International Airport,US,33.829700,-116.507004
PSR,Abruzzo Airport,IT,42.431079,14.182981
PSS,Libertador Gral D Jose De San Martin Airport,AR,-27.385800,-55.970700
PSU,Pangsuma Airport,ID,0.834579,112.940217
PSY,Port Stanley Airport,FK,-51.685699,-57.777599
PSZ,Capitán Av. Salvador Ogaya G. airport,BO,-18.975301,-57.820599
PTA,Port Alsworth Airport,US,60.201681,-154.325863
PTD,Port Alexander Seaplane Base,US,56.246799,-134.647995
PTF,Malolo Lailai Island Airport,FJ,-17.778448,177.196996
PTG,Polokwane International Airport,ZA,-23.845269,29.458615
PTH,Port Heiden Airport,US,56.957893,-158.630219
PTJ,Portland Airport,AU,-38.318100,141.470993
PTO,Juvenal Loureiro Cardoso Airport,BR,-26.217184,-52.694463
PTP,Maryse Condé International Airport,GP,16.265443,-61.532754
PTU,Platinum Airport,US,59.017675,-161.827927
PTY,Tocumen International Airport,PA,9.071360,-79.383499
PUB,Pueblo Memorial Airport,US,38.289101,-104.497002
PUD,Puerto Deseado Airport,AR,-47.735300,-65.904100
PUF,Pau Pyrénées Airport,FR,43.380001,-0.418611
PUG,Port Augusta Airport,AU,-32.506901,137.716995
PUJ,Punta Cana International Airport,DO,18.567093,-68.364558
PUQ,President Carlos Ibáñez International Airport,CL,-53.002602,-70.854599
PUR,Puerto Rico Airport,BO,-11.107663,-67.551155
PUS,Gimhae International Airport,KR,35.179501,128.938004
PUU,Tres De Mayo Airport,CO,0.505228,-76.500800
PUW,Pullman-Moscow Regional Airport,US,46.741601,-117.111630
PUY,Pula Airport,HR,44.893501,13.922200
PUZ,Puerto Cabezas Airport,NI,14.047200,-83.386703
PVA,El Embrujo Airport,CO,13.357461,-81.357977
PVD,Rhode Island T. F. Green International Airport,US,41.725038,-71.425668
PVG,Shanghai Pudong International Airport,CN,31.143400,121.805000
PVH,Governador Jorge Teixeira de Oliveira International Airport,BR,-8.708491,-63.902338
PVK,Aktion National Airport,GR,38.925499,20.765301
PVR,Puerto Vallarta International Airport,MX,20.679913,-105.254391
PVU,Provo Municipal Airport,US,40.218894,-111.722445
PWE,Pevek Airport,RU,69.783302,170.597000
PWM,Portland International Jetport,US,43.646198,-70.309303
PWQ,Pavlodar International Airport,KZ,52.194982,77.073088
PXH,Prominent Hill Airport,AU,-29.716000,135.524400
PXM,Puerto Escondido International Airport,MX,15.876808,-97.089100
PXO,Porto Santo Airport,PT,33.073399,-16.350000
PXR,Surin Airport,TH,14.868300,103.498001
PXU,Pleiku Airport,VN,14.004500,108.016998
PYJ,Polyarny Airport,RU,66.400398,112.029999
PYK,Payam International Airport,IR,35.776100,50.826698
PYT,Pedro Rabelo de Souza Airport,BR,-17.242599,-46.883099
PZB,Pietermaritzburg Airport,ZA,-29.649000,30.398701
PZE,Penzance Heliport,GB,50.130376,-5.513946
PZH,Zhob Airport,PK,31.358400,69.463600
PZI,Panzhihua Bao'anying Airport,CN,26.540000,101.798520
PZO,General Manuel Carlos Piar International Airport,VE,8.288530,-62.760399
PZU,Port Sudan New International Airport,SD,19.434558,37.234125
QBC,Bella Coola Airport,CA,52.387501,-126.596001
QCU,Akunnaaq Heliport,GL,68.744273,-52.340369
QFG,Eqalugaarsuit Heliport,GL,60.619720,-45.914062
QFI,Iginniarfik Heliport,GL,68.145830,-53.169160
QFN,Narsarmijit Heliport,GL,60.004694,-44.656935
QFX,Igaliku Heliport,GL,60.992290,-45.431428
QGQ,Attu Heliport,GL,67.940663,-53.621870
QJE,Kitsissuarsuit Heliport,GL,68.857926,-53.123295
QJH,Qassimiut Heliport,GL,60.780959,-47.156249
QJI,Ikamiut Heliport,GL,68.634253,-51.832262
QOQ,Saarloq Heliport,GL,60.537778,-46.024722
QOW,Sam Mbakwe International Cargo Airport,NG,5.427060,7.206030
QPW,Kangaatsiaq Heliport,GL,68.312657,-53.460208
QRO,Querétaro Intercontinental Airport,MX,20.618779,-100.186449
QRW,Warri Airport,NG,5.598210,5.818700
QRY,Ikerassaarsuk Heliport,GL,68.140881,-53.441459
QSF,Ain Arnat Airport,DZ,36.178488,5.329909
QSR,Salerno Costa d'Amalfi Airport,IT,40.620399,14.911300
QSZ,Shache Airport,CN,38.245420,77.056149
QUO,Akwa Ibom International Airport,NG,4.872500,8.093000
QUV,Aappilattoq Heliport,GL,60.148357,-44.286916
QUW,Ammassivik Heliport,GL,60.597376,-45.382445
RAB,Tokua Airport,PG,-4.340460,152.380005
RAE,Arar Domestic Airport,SA,30.906601,41.138199
RAH,Rafha Domestic Airport,SA,29.626400,43.490601
RAI,Nelson Mandela International Airport,CV,14.941126,-23.484728
RAK,Marrakesh Menara Airport,MA,31.604807,-8.035788
RAM,Ramingining Airport,AU,-12.356400,134.897995
RAO,Leite Lopes Airport,BR,-21.134314,-47.774053
RAP,Rapid City Regional Airport,US,44.045300,-103.056999
RAR,Rarotonga International Airport,CK,-21.202700,-159.806000
RAS,Sardar-e-Jangal Airport,IR,37.323333,49.617778
RBA,Rabat-Salé Airport,MA,34.051498,-6.751520
RBB,Borba Airport,BR,-4.406340,-59.602402
RBQ,Rurrenabaque Airport,BO,-14.427900,-67.496803
RBR,Rio Branco-Plácido de Castro International Airport,BR,-9.869031,-67.893984
RBV,Ramata Airport,SB,-8.168060,157.643005
RBY,Ruby Airport,US,64.727203,-155.470001
RCB,Richards Bay Airport,ZA,-28.740999,32.092098
RCE,Roche Harbor Airport,US,48.612301,-123.139000
RCH,Almirante Padilla Airport,CO,11.526200,-72.926000
RCM,Richmond Airport,AU,-20.701900,143.115005
RDD,Redding Municipal Airport,US,40.508999,-122.292999
RDM,Roberts Field,US,44.254101,-121.150002
RDO,Warsaw Radom Airport,PL,51.389370,21.214742
RDP,Kazi Nazrul Islam Airport,IN,23.622500,87.243000
RDU,Raleigh-Durham International Airport,US,35.878659,-78.787300
RDV,Red Devil Airport,US,61.788101,-157.350006
RDZ,Rodez–Aveyron Airport,FR,44.407902,2.482670
REC,Recife/Guararapes - Gilberto Freyre International Airport,BR,-8.127470,-34.922961
REG,Reggio Calabria Airport,IT,38.071201,15.651600
REL,Almirante Marco Andres Zar Airport,AR,-43.210500,-65.270300
REN,Orenburg Central Airport,RU,51.792668,55.457229
RER,Retalhuleu Airport,GT,14.521431,-91.697001
RES,Resistencia International Airport,AR,-27.449910,-59.056125
RET,Røst Airport,NO,67.526482,12.101575
REU,Reus Airport,ES,41.147509,1.168354
REW,"Rewa Airport, Chorhata, REWA",IN,24.503401,81.220299
REX,General Lucio Blanco International Airport,MX,26.008900,-98.228500
RFD,Chicago Rockford International Airport,US,42.195400,-89.097198
RFP,Raiatea Airport,PF,-16.722900,-151.466003
RGA,Gobernador Ramón Trejo Noel International Airport,AR,-53.777700,-67.749400
RGI,Rangiroa Airport,PF,-14.954300,-147.660995
RGL,Piloto Civil Norberto Fernández International Airport,AR,-51.608791,-69.308948
RGN,Yangon International Airport,MM,16.907301,96.133202
RGO,Orang (Chongjin) Airport,KP,41.428538,129.647555
RHD,Termas de Río Hondo international Airport,AR,-27.496600,-64.935950
RHI,Rhinelander Oneida County Airport,US,45.631199,-89.467499
RHO,"Rhodes International Airport ""Diagoras""",GR,36.405399,28.086201
RHT,Alxa Right Banner Badanjilin Airport,CN,39.225000,101.546000
RIA,Santa Maria Airport,BR,-29.711399,-53.688202
RIB,Capitán Av. Selin Zeitun Lopez Airport,BO,-11.009355,-66.075468
RIC,Richmond International Airport,US,37.505199,-77.319702
RIH,Scarlett Martinez International Airport,PA,8.375880,-80.127899
RIS,Rishiri Airport,JP,45.242001,141.186005
RIW,Central Wyoming Regional Airport,US,43.064201,-108.459999
RIX,Riga International Airport,LV,56.920752,23.970711
RIY,Riyan International Airport,YE,14.662241,49.375289
RIZ,Rizhao Shanzihe Airport,CN,35.405033,119.324403
RJA,Rajahmundry Airport,IN,17.105799,81.813204
RJH,Shah Makhdum Airport,BD,24.437201,88.616501
RJK,Rijeka Airport,HR,45.216376,14.570850
RJL,Logroño-Agoncillo Airport,ES,42.460953,-2.322235
RJM,Marinda Airport,ID,-0.424969,130.773535
RJN,Rafsanjan Airport,IR,30.298345,56.048979
RKD,Knox County Regional Airport,US,44.060101,-69.099197
RKE,Copenhagen Roskilde Airport,DK,55.585602,12.131400
RKI,Mentawai Airport,ID,-2.100100,99.704400
RKS,Southwest Wyoming Regional Airport,US,41.594200,-109.065001
RKT,Ras Al Khaimah International Airport,AE,25.613501,55.938801
RKV,Reykjavík Domestic Airport,IS,64.128732,-21.937590
RKZ,Xigaze Peace Airport / Shigatse Air Base,CN,29.350876,89.299157
RLG,Rostock-Laage Airport,DE,53.918201,12.278300
RLK,Bayannur Tianjitai Airport,CN,40.926358,107.740930
RMA,Roma Airport,AU,-26.545000,148.774994
RMF,Marsa Alam International Airport,EG,25.555548,34.592450
RMI,Federico Fellini International Airport,IT,44.020024,12.612198
RML,Colombo Ratmalana International Airport,LK,6.821638,79.885859
RMO,Chişinău International Airport,MD,46.927740,28.931704
RMP,Rampart Airport,US,65.507896,-150.141007
RMQ,Taichung International Airport / Ching Chuang Kang Air Base,TW,24.264700,120.621002
RMT,Rimatara Airport,PF,-22.637250,-152.805900
RMU,Region of Murcia International Airport,ES,37.802852,-1.124884
RMZ,Tobolsk Remezov Airport,RU,58.059712,68.347997
RNB,Ronneby Airport,SE,56.266701,15.265000
RNI,Corn Island Airport,NI,12.174785,-83.059445
RNJ,Yoron Airport,JP,27.043847,128.401648
RNL,Rennell/Tingoa Airport,SB,-11.550000,160.062778
RNN,Bornholm Airport,DK,55.063301,14.759600
RNO,Reno Tahoe International Airport,US,39.499100,-119.767998
RNP,Rongelap Island Airport,MH,11.157200,166.886993
RNS,Rennes-Saint-Jacques Airport,FR,48.069500,-1.734790
ROA,Roanoke–Blacksburg Regional Airport,US,37.325500,-79.975403
ROB,Roberts International Airport,LR,6.233790,-10.362300
ROC,Frederick Douglass Greater Rochester International Airport,US,43.118900,-77.672401
ROI,Roi Et Airport,TH,16.116800,103.774002
ROK,Rockhampton Airport,AU,-23.380019,150.475359
ROO,Maestro Marinho Franco Airport,BR,-16.584292,-54.724803
ROP,Rota International Airport,MP,14.173267,145.241103
ROR,Roman Tmetuchl International Airport,PW,7.366965,134.544085
ROS,Rosario Islas Malvinas International Airport,AR,-32.903600,-60.785000
ROT,Rotorua Regional Airport,NZ,-38.109200,176.317001
ROW,Roswell Air Center Airport,US,33.301601,-104.530998
RPR,Swami Vivekananda Airport,IN,21.180401,81.738800
RQA,Ruoqiang Loulan Airport,CN,38.974722,88.008333
RRG,Sir Charles Gaetan Duval Airport,MU,-19.756696,63.359326
RRR,Raroia Airport,PF,-16.050485,-142.476568
RRS,Røros Airport,NO,62.578400,11.342300
RSA,Santa Rosa Airport,AR,-36.588299,-64.275703
RSD,Rock Sound International Airport,BS,24.891650,-76.177602
RSH,Russian Mission Airport,US,61.775071,-161.319466
RSI,Red Sea International Airport,SA,25.627975,37.088914
RSJ,Rosario Seaplane Base,US,48.645699,-122.867996
RST,Rochester International Airport,US,43.908298,-92.500000
RSU,Yeosu Airport,KR,34.842300,127.616997
RSW,Southwest Florida International Airport,US,26.534685,-81.752816
RTA,Rotuma Airport,FJ,-12.482500,177.070999
RTB,Juan Manuel Gálvez International Airport,HN,16.316799,-86.523003
RTG,Frans Sales Lega Airport,ID,-8.596171,120.478177
RTI,David Constantijn Saudale Airport,ID,-10.765834,123.076046
RTM,Rotterdam The Hague Airport,NL,51.956902,4.437220
RUA,Arua Airport,UG,3.049152,30.911714
RUH,King Khalid International Airport,SA,24.957600,46.698799
RUL,Maavaarulaa Airport,MV,0.338085,73.512869
RUN,Roland Garros Airport,RE,-20.890087,55.518894
RUR,Rurutu Airport,PF,-22.434099,-151.360992
RUS,Marau Airport,SB,-9.861670,160.824997
RUT,Rutland - Southern Vermont Regional Airport,US,43.529400,-72.949600
RVE,Los Colonizadores Airport,CO,6.951868,-71.857179
RVK,"Rørvik Airport, Ryum",NO,64.838303,11.146100
RVN,Rovaniemi Airport,FI,66.563327,25.829751
RVV,Raivavae Airport,PF,-23.885201,-147.662003
RVY,Pres. Gral. Óscar D. Gestido Binational Airport,UY,-30.974600,-55.476200
RXS,Roxas Airport,PH,11.597700,122.751999
RYK,Shaikh Zaid Airport,PK,28.383900,70.279602
RYO,28 de Noviembre Airport,AR,-51.605000,-72.220300
RZE,Rzeszów-Jasionka Airport,PL,50.109791,22.024155
RZR,Ramsar Airport,IR,36.907010,50.687316
RZV,Rize–Artvin Airport,TR,41.179766,40.848802
SAB,Juancho E. Yrausquin Airport,BQ,17.645330,-63.220514
SAE,Saattut Heliport,GL,70.811172,-51.631290
SAF,Santa Fe Municipal Airport,US,35.617100,-106.088997
SAG,Shirdi International Airport,IN,19.689211,74.373655
SAH,Sanaa International Airport,YE,15.476300,44.219700
SAI,Siem Reap-Angkor International Airport,KH,13.369740,104.223831
SAL,El Salvador International Airport Saint Óscar Arnulfo Romero y Galdámez,SV,13.444470,-89.055784
SAN,San Diego International Airport,US,32.733601,-117.190002
SAP,Ramón Villeda Morales International Airport,HN,15.452600,-87.923599
SAQ,San Andros Airport,BS,25.053801,-78.049004
SAT,San Antonio International Airport,US,29.533701,-98.469803
SAV,Savannah Hilton Head International Airport,US,32.126591,-81.199980
SAW,Istanbul Sabiha Gökçen International Airport,TR,40.898602,29.309200
SBA,Santa Barbara Municipal Airport,US,34.426201,-119.839996
SBD,San Bernardino International Airport,US,34.096717,-117.236596
SBH,St. Jean Airport,BL,17.904398,-62.843333
SBN,South Bend International Airport,US,41.708304,-86.316922
SBP,San Luis County Regional Airport,US,35.236801,-120.641998
SBR,Saibai Island Airport,AU,-9.378330,142.625000
SBT,Sabetta International Airport,RU,71.219167,72.052222
SBW,Sibu Airport,MY,2.261600,111.985001
SBY,Salisbury Ocean City Wicomico Regional Airport,US,38.340500,-75.510300
SBZ,Sibiu International Airport,RO,45.785841,24.086666
SCC,Deadhorse Airport,US,70.194702,-148.464996
SCE,State College Regional Airport,US,40.849374,-77.848520
SCK,Stockton Metropolitan Airport,US,37.893279,-121.238079
SCL,Comodoro Arturo Merino Benítez International Airport,CL,-33.393002,-70.785797
SCM,Scammon Bay Airport,US,61.844710,-165.575209
SCN,Saarbrücken Airport,DE,49.214545,7.109735
SCO,Aktau International Airport,KZ,43.860093,51.090860
SCQ,Santiago-Rosalía de Castro Airport,ES,42.896301,-8.415140
SCR,Scandinavian Mountains Airport,SE,61.165080,12.833520
SCT,Socotra Airport,YE,12.632093,53.906173
SCU,Antonio Maceo International Airport,CU,19.974740,-75.835504
SCV,Suceava Ștefan cel Mare International Airport,RO,47.687500,26.354099
SCW,Syktyvkar Airport,RU,61.646999,50.845100
SCY,San Cristóbal Airport,EC,-0.910206,-89.617401
SCZ,Santa Cruz/Graciosa Bay/Luova Airport,SB,-10.720300,165.794998
SDD,Lubango Mukanka International Airport,AO,-14.924839,13.576653
SDE,Vicecomodoro Angel D. La Paz Aragonés Airport,AR,-27.765556,-64.309998
SDF,Louisville Muhammad Ali International Airport,US,38.170600,-85.735076
SDG,Sanandaj Airport,IR,35.245899,47.009201
SDJ,Sendai Airport,JP,38.139702,140.917007
SDK,Sandakan Airport,MY,5.900900,118.058998
SDL,Sundsvall-Härnösand Airport,SE,62.528099,17.443899
SDN,"Sandane Airport, Anda",NO,61.830002,6.105830
SDP,Sand Point Airport,US,55.313908,-160.522099
SDQ,Las Américas International Airport,DO,18.429701,-69.668900
SDR,Seve Ballesteros-Santander Airport,ES,43.427101,-3.820010
SDS,Sado Airport,JP,38.060200,138.414001
SDU,Santos Dumont Airport,BR,-22.910397,-43.162820
SDW,Sindhudurg Airport,IN,16.002552,73.529846
SDY,Sidney - Richland Regional Airport,US,47.705141,-104.194422
SEA,Seattle–Tacoma International Airport,US,47.447943,-122.310276
SEB,Sabha Airport,LY,26.992452,14.466162
SEK,Srednekolymsk Airport,RU,67.480500,153.736400
SEN,London Southend Airport,GB,51.570562,0.693627
SET,Santa Magalhães Airport,BR,-8.061433,-38.328888
SEU,Seronera Airport,TZ,-2.458060,34.822498
SEZ,Seychelles International Airport,SC,-4.674340,55.521801
SFA,Sfax Thyna International Airport,TN,34.717999,10.691000
SFB,Orlando Sanford International Airport,US,28.774277,-81.234626
SFC,St-François Airport,GP,16.257799,-61.262501
SFG,Grand Case-l'Espérance Airport,MF,18.100057,-63.047444
SFJ,Kangerlussuaq International Airport,GL,67.010446,-50.715294
SFL,São Filipe Airport,CV,14.885000,-24.480000
SFN,Sauce Viejo Airport,AR,-31.711700,-60.811700
SFO,San Francisco International Airport,US,37.619806,-122.374821
SFS,Subic Bay International Airport / Naval Air Station Cubi Point,PH,14.794833,120.271883
SFT,Skellefteå Airport,SE,64.624802,21.076900
SGC,Surgut International Airport,RU,61.340501,73.405782
SGD,Sønderborg Airport,DK,54.964401,9.791730
SGF,Springfield Branson National Airport,US,37.245047,-93.388596
SGG,Sermiligaaq Heliport,GL,65.905920,-36.378254
SGN,Tan Son Nhat International Airport,VN,10.818800,106.652000
SGO,St George Airport,AU,-28.049700,148.595001
SGU,St George Regional Airport,US,37.036389,-113.510306
SGY,Skagway Airport,US,59.460343,-135.316651
SHA,Shanghai Hongqiao International Airport,CN,31.198104,121.334260
SHB,Nakashibetsu Airport,JP,43.577499,144.960007
SHC,Shire Inda Selassie Airport,ET,14.075699,38.273592
SHD,Shenandoah Valley Regional Airport,US,38.263802,-78.896400
SHE,Shenyang Taoxian International Airport,CN,41.639800,123.483668
SHF,Shihezi Huayuan Airport,CN,44.242100,85.890500
SHG,Shungnak Airport,US,66.888100,-157.162003
SHH,Shishmaref Airport,US,66.249604,-166.089112
SHI,Shimojishima Airport,JP,24.826700,125.144997
SHJ,Sharjah International Airport,AE,25.328600,55.517200
SHL,Shillong Airport,IN,25.703600,91.978699
SHM,Nanki Shirahama Airport,JP,33.662201,135.363998
SHO,King Mswati III International Airport,SZ,-26.358611,31.716944
SHR,Sheridan County Airport,US,44.769199,-106.980003
SHS,Jingzhou Shashi Airport,CN,30.292810,112.448540
SHV,Shreveport Regional Airport,US,32.444747,-93.826741
SHW,Sharurah Domestic Airport,SA,17.466900,47.121399
SHY,Shinyanga Airport,TZ,-3.609300,33.503500
SID,Amílcar Cabral International Airport,CV,16.741400,-22.949400
SIF,Simara Airport,NP,27.159803,84.980021
SIG,Fernando Luis Ribas Dominicci Airport,PR,18.456800,-66.098099
SIH,Silgadi Doti Airport,NP,29.262226,80.935968
SIN,Singapore Changi Airport,SG,1.350190,103.994003
SIS,Sishen Airport,ZA,-27.648600,22.999300
SIT,Sitka Rocky Gutierrez Airport,US,57.047100,-135.362000
SJC,Mineta San Jose International Airport,US,37.362452,-121.929188
SJD,Los Cabos International Airport,MX,23.151919,-109.720731
SJE,Jorge E. Gonzalez Torres Airport,CO,2.579690,-72.639400
SJI,San Jose Airport,PH,12.361500,121.046997
SJJ,Sarajevo International Airport,BA,43.824600,18.331499
SJK,Professor Urbano Ernesto Stumpf Airport,BR,-23.229200,-45.861500
SJL,São Gabriel da Cachoeira Airport,BR,-0.148350,-66.985500
SJO,Juan Santamaría International Airport,CR,9.993860,-84.208801
SJP,Prof. Eribelto Manoel Reino State Airport,BR,-20.817113,-49.406963
SJT,San Angelo Regional Mathis Field,US,31.357700,-100.496002
SJU,Luis Munoz Marin International Airport,PR,18.439400,-66.001801
SJW,Shijiazhuang Zhengding International Airport,CN,38.280701,114.696999
SJZ,São Jorge Airport,PT,38.665501,-28.175800
SKB,Robert L. Bradshaw International Airport,KN,17.310845,-62.719117
SKD,Samarkand International Airport,UZ,39.701842,66.981467
SKG,Thessaloniki Macedonia International Airport,GR,40.519280,22.970009
SKH,Surkhet Airport,NP,28.586000,81.636002
SKK,Shaktoolik Airport,US,64.371101,-161.223999
SKN,"Stokmarknes Airport, Skagen",NO,68.578827,15.033417
SKO,Sadiq Abubakar III International Airport,NG,12.915729,5.207547
SKP,Skopje International Airport,MK,41.958087,21.622581
SKT,Sialkot International Airport,PK,32.535941,74.364623
SKU,Skiros Airport,GR,38.967602,24.487200
SKX,Saransk International Airport,RU,54.125130,45.212257
SKZ,Begum Nusrat Bhutto International Airport Sukkur,PK,27.722000,68.791702
SLA,Martín Miguel de Güemes International Airport,AR,-24.856001,-65.486198
SLC,Salt Lake City International Airport,US,40.788860,-111.979866
SLD,Sliač Airport,SK,48.637798,19.134100
SLE,Salem-Willamette Valley Airport/McNary Field,US,44.909500,-123.002998
SLH,Sola Airport,VU,-13.851700,167.537003
SLI,Solwesi Airport,ZM,-12.173700,26.365101
SLK,Adirondack Regional Airport,US,44.386910,-74.204629
SLL,Salalah International Airport,OM,17.038700,54.091301
SLM,Salamanca Airport,ES,40.952099,-5.501990
SLN,Salina Municipal Airport,US,38.791000,-97.652199
SLP,Ponciano Arriaga International Airport,MX,22.262026,-100.935692
SLQ,Sleetmute Airport,US,61.700500,-157.166000
SLU,George F. L. Charles Airport,LC,14.020200,-60.992901
SLW,Plan de Guadalupe International Airport,MX,25.537860,-100.928346
SLX,Salt Cay Airport,TC,21.333000,-71.199997
SLY,Salekhard Airport,RU,66.590797,66.611000
SLZ,Marechal Cunha Machado International Airport,BR,-2.586386,-44.235008
SMA,Santa Maria Airport,PT,36.971401,-25.170601
SMF,Sacramento International Airport,US,38.695400,-121.591003
SMI,Samos Airport,GR,37.689999,26.911699
SMK,St Michael Airport,US,63.490101,-162.110001
SML,Stella Maris Airport,BS,23.582317,-75.268621
SMN,Lemhi County Airport,US,45.122233,-113.881960
SMQ,Sampit (H.Asan) Airport,ID,-2.499198,112.974987
SMR,Simón Bolívar International Airport,CO,11.119600,-74.230600
SMS,Sainte Marie Airport,MG,-17.093901,49.815800
SMT,Adolino Bedin Regional Airport,BR,-12.479177,-55.672341
SMW,Smara Airport,EH,26.731987,-11.683655
SMX,Santa Maria Public Airport Captain G Allan Hancock Field,US,34.898899,-120.457001
SNA,John Wayne Orange County International Airport,US,33.675063,-117.869281
SNB,Snake Bay Airport,AU,-11.417674,130.648481
SNC,General Ulpiano Paez International Airport,EC,-2.210057,-80.985067
SNE,Preguiça Airport,CV,16.588852,-24.284132
SNN,Shannon Airport,IE,52.702000,-8.924820
SNO,Sakon Nakhon Airport,TH,17.195101,104.119003
SNP,St Paul Island Airport,US,57.166311,-170.222555
SNU,Abel Santamaria International Airport,CU,22.492215,-79.943119
SNV,Santa Elena de Uairén Airport,VE,4.554699,-61.145234
SNW,Thandwe Airport,MM,18.460699,94.300102
SNX,Semnan Municipal Airport,IR,35.591099,53.495098
SOB,Hévíz–Balaton Airport,HU,46.686391,17.159084
SOC,Adisoemarmo International Airport,ID,-7.516044,110.757492
SOD,Sorocaba Airport,BR,-23.478001,-47.490002
SOF,Sofia Airport,BG,42.696357,23.417671
SOG,"Sogndal Airport, Haukåsen",NO,61.156101,7.137780
SOJ,Sørkjosen Airport,NO,69.786797,20.959400
SOM,San Tomé Airport,VE,8.945147,-64.151085
SON,Santo Pekoa International Airport,VU,-15.505000,167.220001
SOQ,Domine Eduard Osok Airport,ID,-0.894000,131.287000
SOU,Southampton Airport,GB,50.950298,-1.356800
SOV,Seldovia Airport,US,59.442981,-151.705227
SOW,Show Low Regional Airport,US,34.264062,-110.007091
SOY,Stronsay Airport,GB,59.155300,-2.641390
SPB,Charlotte Amalie Harbor Seaplane Base,VI,18.338204,-64.939675
SPC,La Palma Airport,ES,28.626499,-17.755600
SPD,Saidpur Airport,BD,25.759199,88.908897
SPI,Abraham Lincoln Capital Airport,US,39.844101,-89.677902
SPN,Saipan International Airport,MP,15.119384,145.728848
SPP,Menongue Airport,AO,-14.657600,17.719801
SPR,John Greif II Airport,BZ,17.913900,-87.971100
SPS,Wichita Falls Municipal Airport / Sheppard Air Force Base,US,33.988800,-98.491898
SPU,Split Saint Jerome Airport,HR,43.538898,16.298000
SPX,Sphinx International Airport,EG,30.108179,30.895728
SPY,San Pedro Airport,CI,4.746720,-6.660820
SQD,Shangrao Sanqingshan Airport,CN,28.379700,117.964300
SQG,Tebelian Airport,ID,-0.045214,111.458049
SQJ,Sanming Shaxian Airport,CN,26.426300,117.833600
SQL,San Carlos Airport,US,37.513130,-122.250838
SRA,Luis Alberto Lehr Airport,BR,-27.906580,-54.520628
SRE,Alcantarí International Airport,BO,-19.246835,-65.149611
SRG,Jenderal Ahmad Yani Airport,ID,-6.970732,110.373244
SRK,Siorapaluk Heliport,GL,77.786517,-70.638657
SRL,Palo Verde Airport,MX,27.092700,-112.098500
SRP,"Stord Airport, Sørstokken",NO,59.791901,5.340850
SRQ,Sarasota Bradenton International Airport,US,27.394631,-82.554359
SRT,Soroti Airport,UG,1.727690,33.622799
SRV,Stony River 2 Airport,US,61.789700,-156.589005
SRY,Sari Dasht-e Naz International Airport,IR,36.644408,53.188761
SRZ,El Trompillo Airport,BO,-17.811600,-63.171501
SSA,Deputado Luiz Eduardo Magalhães International Airport,BR,-12.908611,-38.322498
SSB,Christiansted Harbor Seaplane Base,VI,17.747908,-64.707928
SSG,Malabo International Airport,GQ,3.755270,8.708720
SSH,Sharm El Sheikh International Airport,EG,27.977272,34.394717
SSJ,"Sandnessjøen Airport, Stokka",NO,65.956802,12.468900
SSR,Sara Airport,VU,-15.470800,168.151993
SST,Santa Teresita Airport,AR,-36.542300,-56.721800
SSW,Stuart Island Airpark,US,48.673379,-123.175439
SSY,Mbanza Congo Airport,AO,-6.269900,14.247000
STC,Saint Cloud Regional Airport,US,45.546600,-94.059898
STD,Mayor Buenaventura Vivas International Airport,VE,7.565380,-72.035103
STG,St George Airport,US,56.577345,-169.663823
STI,Cibao International Airport,DO,19.404060,-70.604431
STL,St. Louis Lambert International Airport,US,38.748697,-90.370003
STM,Santarém - Maestro Wilson Fonseca International Airport,BR,-2.422423,-54.793060
STN,London Stansted Airport,GB,51.884998,0.235000
STR,Stuttgart Airport,DE,48.689899,9.221960
STS,Charles M. Schulz Sonoma County Airport,US,38.508999,-122.813003
STT,Cyril E. King Airport,VI,18.337091,-64.977251
STV,Surat International Airport,IN,21.115531,72.743251
STW,Stavropol Shpakovskoye Airport,RU,45.109200,42.112801
STX,Henry E. Rohlsen Airport,VI,17.701413,-64.802608
SUB,Juanda International Airport,ID,-7.379830,112.787003
SUF,Lamezia Terme Sant'Eufemia International Airport,IT,38.906214,16.246007
SUG,Surigao Airport,PH,9.755838,125.480947
SUI,Vladislav Ardzinba Sukhum International Airport,GE,42.858200,41.128101
SUJ,Satu Mare International Airport,RO,47.703300,22.885700
SUK,Sakkyryr Airport,RU,67.792000,130.394000
SUN,Friedman Memorial Airport,US,43.504398,-114.295998
SUR,Summer Beaver Airport,CA,52.708599,-88.541901
SUV,Nausori International Airport,FJ,-18.044226,178.561486
SUX,Sioux Gateway Airport / Brigadier General Bud Day Field,US,42.397605,-96.382237
SUY,Suntar Airport,RU,62.185001,117.635002
SVA,Savoonga Airport,US,63.686401,-170.492996
SVB,Sambava Airport,MG,-14.278600,50.174702
SVC,Grant County Airport,US,32.636701,-108.154736
SVD,Argyle International Airport,VC,13.159725,-61.148801
SVG,"Stavanger Airport, Sola",NO,58.876701,5.637780
SVI,Eduardo Falla Solano Airport,CO,2.152170,-74.766300
SVJ,"Svolvær Airport, Helle",NO,68.243301,14.669200
SVL,Savonlinna Airport,FI,61.943100,28.945101
SVO,Sheremetyevo International Airport,RU,55.976858,37.411210
SVQ,Seville Airport,ES,37.417999,-5.893110
SVR,Savissivik Heliport,GL,76.018613,-65.117683
SVS,Stevens Village Airport,US,66.016727,-149.056835
SVU,Savusavu Airport,FJ,-16.803394,179.340587
SVX,Koltsovo Airport,RU,56.743099,60.802700
SVZ,Juan Vicente Gómez International Airport,VE,7.840809,-72.439878
SWA,Jieyang Chaoshan International Airport,CN,23.552000,116.503300
SWF,New York Stewart International Airport,US,41.504210,-74.108901
SWL,San Vicente Airport,PH,10.524298,119.272899
SWO,Stillwater Regional Airport,US,36.162132,-97.085581
SWQ,Sultan Muhammad Kaharuddin III Airport,ID,-8.489040,117.412003
SWX,Shakawe Airport,BW,-18.373899,21.832600
SXB,Strasbourg Airport,FR,48.538300,7.628230
SXK,Mathilda Batlayeri Airport,ID,-7.848354,131.337068
SXM,Princess Juliana International Airport,SX,18.041000,-63.108898
SXP,Nunam Iqua Airport,US,62.520599,-164.848006
SXR,Srinagar International Airport,IN,33.987099,74.774200
SYB,Seal Bay Seaplane Base,US,58.373291,-152.201797
SYD,Sydney Kingsford Smith International Airport,AU,-33.946098,151.177002
SYF,Silva Bay Seaplane Base,CA,49.151000,-123.698000
SYM,Pu'er Simao Airport,CN,22.793301,100.959000
SYO,Shonai Airport,JP,38.812199,139.787003
SYQ,Tobías Bolaños International Airport,CR,9.957050,-84.139801
SYR,Syracuse Hancock International Airport,US,43.111198,-76.106300
SYS,Saskylakh Airport,RU,71.927902,114.080002
SYU,Warraber Island Airport,AU,-10.208300,142.824997
SYX,Sanya Phoenix International Airport,CN,18.302900,109.412003
SYY,Stornoway Airport,GB,58.215599,-6.331110
SYZ,Shiraz Shahid Dastghaib International Airport,IR,29.539200,52.589802
SZA,Soyo Airport,AO,-6.141090,12.371800
SZB,Sultan Abdul Aziz Shah International Airport,MY,3.130580,101.549004
SZE,Semera Airport,ET,11.787500,40.991500
SZF,Samsun-Çarşamba Airport,TR,41.253988,36.567546
SZG,Salzburg Airport,AT,47.793301,13.004300
SZH,Shuozhou Zirun Airport,CN,39.273241,112.691552
SZI,Zaysan Airport,KZ,47.487491,84.887675
SZK,Skukuza Airport,ZA,-24.960850,31.588587
SZX,Shenzhen Bao'an International Airport,CN,22.639474,113.803262
SZY,Olsztyn-Mazury Airport,PL,53.481899,20.937700
SZZ,Solidarity Szczecin–Goleniów Airport,PL,53.584702,14.902200
TAB,A.N.R. Robinson International Airport,TT,11.149571,-60.831298
TAC,Daniel Z. Romualdez Airport,PH,11.227761,125.027783
TAE,Daegu International Airport,KR,35.894394,128.656989
TAG,Bohol-Panglao International Airport,PH,9.573045,123.770143
TAH,Whitegrass Airport,VU,-19.455099,169.223999
TAI,Taiz International Airport,YE,13.686000,44.139099
TAK,Takamatsu Airport,JP,34.214963,134.015454
TAL,Ralph M Calhoun Memorial Airport,US,65.174400,-152.108994
TAM,General Francisco Javier Mina International Airport,MX,22.292622,-97.867058
TAO,Qingdao Jiaodong International Airport,CN,36.361953,120.088171
TAP,Tapachula International Airport,MX,14.794549,-92.369871
TAS,Tashkent International Airport,UZ,41.257900,69.281197
TAT,Poprad-Tatry Airport,SK,49.070994,20.241394
TAY,Tartu Airport,EE,58.307438,26.686473
TAZ,Dashoguz International Airport,TM,41.759853,59.836149
TBB,Dong Tac Airport,VN,13.049600,109.334000
TBG,Tabubil Airport,PG,-5.280471,141.227576
TBH,Tugdan Airport,PH,12.311000,122.084999
TBI,New Bight Airport,BS,24.315300,-75.452301
TBJ,Tabarka-Aïn Draham International Airport,TN,36.980000,8.876940
TBM,Tumbang Samba Airport,ID,-1.469024,113.080984
TBN,Waynesville-St. Robert Regional Airport-Forney Field,US,37.741600,-92.140701
TBO,Tabora Airport,TZ,-5.076390,32.833302
TBP,Captain Pedro Canga Rodríguez International Airport,PE,-3.552074,-80.381086
TBS,Tbilisi International Airport,GE,41.669201,44.954700
TBT,Tabatinga International Airport,BR,-4.255670,-69.935799
TBU,Fua'amotu International Airport,TO,-21.241438,-175.149164
TBZ,Tabriz International Airport,IR,38.133900,46.235001
TCA,Tennant Creek Airport,AU,-19.634399,134.182999
TCB,Treasure Cay Airport,BS,26.745300,-77.391296
TCD,Tarapacá Airport,CO,-2.895802,-69.749762
TCG,Tacheng Qianquan Airport,CN,46.672501,83.340797
TCO,La Florida Airport,CO,1.814420,-78.749200
TCP,Taba International Airport,EG,29.594496,34.775752
TCQ,Coronel FAP Carlos Ciriani Santa Rosa International Airport,PE,-18.053301,-70.275803
TCR,Tuticorin Airport,IN,8.724241,78.025803
TCT,Takotna Airport,US,62.993206,-156.029026
TCZ,Tengchong Tuofeng Airport,CN,24.938056,98.485833
TDD,Teniente Av. Jorge Henrich Arauz Airport,BO,-14.818700,-64.917999
TDK,Taldykorgan Airport,KZ,45.122550,78.442758
TDS,Sasereme Airport,PG,-7.621700,142.868000
TDX,Trat Airport,TH,12.274600,102.319000
TEB,Teterboro Airport,US,40.850101,-74.060799
TEE,Cheikh Larbi Tébessi Airport,DZ,35.431599,8.120720
TEK,Tatitlek Airport,US,60.871449,-146.690297
TEN,Tongren Fenghuang Airport,CN,27.883333,109.308889
TEQ,Tekirdağ Çorlu Airport,TR,41.138199,27.919100
TER,Lajes Airport,PT,38.761799,-27.090799
TET,Tete Airport,MZ,-16.104799,33.640202
TEX,Telluride Regional Airport,US,37.953800,-107.907997
TEZ,Tezpur Airport,IN,26.709101,92.784698
TFF,Tefé Airport,BR,-3.382940,-64.724098
TFI,Tufi Airport,PG,-9.075954,149.319839
TFN,Tenerife Norte-Ciudad de La Laguna Airport,ES,28.482752,-16.341707
TFS,Tenerife Sur Airport,ES,28.044500,-16.572500
TFU,Chengdu Tianfu International Airport,CN,30.312520,104.441284
TGD,Podgorica Airport / Podgorica Golubovci Airbase,ME,42.359402,19.251900
TGG,Sultan Mahmud Airport,MY,5.382640,103.102997
TGH,Tongoa Airport,VU,-16.891100,168.550995
TGJ,Tiga Airport,NC,-21.096407,167.803790
TGM,Târgu Mureş Transilvania International Airport,RO,46.467701,24.412500
TGO,Tongliao Airport,CN,43.556702,122.199997
TGQ,Tangará da Serra Airport,BR,-14.662000,-57.443744
TGR,Touggourt Sidi Madhi Airport,DZ,33.067799,6.088670
TGT,Tanga Airport,TZ,-5.092360,39.071201
TGU,Toncontín Airport,HN,14.060900,-87.217201
TGZ,Angel Albino Corzo International Airport,MX,16.561611,-93.025731
THD,Tho Xuan Airport,VN,19.901667,105.467778
THE,Senador Petrônio Portela Airport,BR,-5.060250,-42.823712
THG,Thangool Airport,AU,-24.494863,150.577967
THL,Tachileik Airport,MM,20.483801,99.935402
THN,Trollhättan-Vänersborg Airport,SE,58.318100,12.345000
THO,Þórshöfn Airport,IS,66.218459,-15.334739
THQ,Tianshui Maijishan Airport,CN,34.560100,105.860343
THR,Mehrabad International Airport,IR,35.689175,51.314392
THS,Sukhothai Airport,TH,17.238001,99.818199
THX,Turukhansk Airport,RU,65.797203,87.935303
TIA,Tirana International Airport Mother Teresa,AL,41.414700,19.720600
TIE,Tippi Airport,ET,7.202400,35.415000
TIF,Taif International Airport,SA,21.484739,40.544074
TIH,Tikehau Airport,PF,-15.119600,-148.231003
TIJ,General Abelardo L. Rodriguez International Airport,MX,32.541043,-116.969976
TIM,Mozes Kilangin Airport,ID,-4.529780,136.887388
TIN,Tindouf Airport,DZ,27.700399,-8.167100
TIQ,Francisco Manglona Borja / Tinian International Airport,MP,14.999207,145.619355
TIR,Tirupati International Airport,IN,13.631988,79.539869
TIU,Timaru Airport,NZ,-44.302799,171.225006
TIV,Tivat Airport,ME,42.404701,18.723301
TIW,Tacoma Narrows Airport,US,47.267407,-122.577295
TIZ,Tari Airport,PG,-5.845000,142.947998
TJA,Capitan Oriel Lea Plaza Airport,BO,-21.555700,-64.701302
TJG,Warukin Airport,ID,-2.216560,115.435997
TJH,Konotori Tajima Airport,JP,35.512798,134.787003
TJK,Tokat Airport,TR,40.324720,36.390560
TJL,Plínio Alarcom Airport,BR,-20.752643,-51.682026
TJM,Roshchino International Airport,RU,57.178984,65.327696
TJQ,H A S Hanandjoeddin International Airport,ID,-2.744109,107.754535
TJS,Tanjung Harapan Airport,ID,2.838139,117.374584
TJU,Kulob International Airport,TJ,37.988098,69.805000
TKD,Takoradi Airport,GH,4.896060,-1.774760
TKE,Tenakee Seaplane Base,US,57.779701,-135.218002
TKF,Truckee Tahoe Airport,US,39.318628,-120.140562
TKG,Radin Inten II International Airport,ID,-5.246803,105.182531
TKJ,Tok Junction Airport,US,63.329498,-142.953995
TKK,Chuuk International Airport,FM,7.461870,151.843002
TKM,Taksimo Airport,RU,56.361668,114.930000
TKN,Tokunoshima Airport,JP,27.836382,128.881356
TKP,Takapoto Airport,PF,-14.709500,-145.246002
TKQ,Kigoma Airport,TZ,-4.886200,29.670900
TKS,Tokushima Awaodori Airport / JMSDF Tokushima Air Base,JP,34.132559,134.607816
TKU,Turku Airport,FI,60.514099,22.262800
TKV,Tatakoto Airport,PF,-17.355226,-138.447340
TKX,Takaroa Airport,PF,-14.455800,-145.024994
TLA,Teller Airport,US,65.240402,-166.339005
TLC,Adolfo López Mateos International Airport,MX,19.336900,-99.565830
TLE,Toliara Airport,MG,-23.383400,43.728500
TLH,Tallahassee International Airport,US,30.401209,-84.354330
TLI,Sultan Bantilan Airport,ID,1.123428,120.793658
TLL,Lennart Meri Tallinn Airport,EE,59.413246,24.832640
TLM,Zenata – Messali El Hadj Airport,DZ,35.012732,-1.457117
TLN,Toulon-Hyères Airport,FR,43.097301,6.146030
TLQ,Turpan Jiaohe Airport,CN,43.030800,89.098700
TLS,Toulouse-Blagnac Airport,FR,43.629101,1.363820
TLT,Tuluksak Airport,US,61.086973,-160.922842
TLU,Golfo de Morrosquillo Airport,CO,9.509450,-75.585400
TLV,Ben Gurion International Airport,IL,32.011398,34.886700
TLY,Plastun Airport,RU,44.814999,136.292007
TMC,Tambolaka Airport,ID,-9.409224,119.242558
TME,Gustavo Vargas Airport,CO,6.451080,-71.760300
TMF,Thimarafushi Airport,MV,2.211000,73.153300
TMG,Tomanggong Airport,MY,5.402570,118.657630
TMH,Tanah Merah Airport,ID,-6.096690,140.303521
TMI,Tumling Tar Airport,NP,27.315001,87.193298
TMJ,Termez Airport,UZ,37.287261,67.311869
TML,Yakubu Tali International Airport,GH,9.553909,-0.866060
TMM,Toamasina Ambalamanasy Airport,MG,-18.113537,49.392262
TMP,Tampere-Pirkkala Airport,FI,61.414101,23.604401
TMR,Aguenar – Hadj Bey Akhamok Airport,DZ,22.810992,5.450832
TMS,São Tomé International Airport,ST,0.378175,6.712150
TMT,Trombetas Airport,BR,-1.489600,-56.396801
TMW,Tamworth Airport,AU,-31.077898,150.845484
TMX,Timimoun Airport,DZ,29.237101,0.276033
TNA,Jinan Yaoqiang International Airport,CN,36.857201,117.216003
TNC,Tin City Long Range Radar Station Airport,US,65.563103,-167.921997
TND,Alberto Delgado Airport,CU,21.788300,-79.997200
TNE,New Tanegashima Airport,JP,30.605101,130.990997
TNG,Tangier Ibn Battuta Airport,MA,35.731741,-5.921459
TNH,Tonghua Sanyuanpu Airport,CN,42.048435,125.733963
TNJ,Raja Haji Fisabilillah International Airport,ID,0.923970,104.533410
TNK,Tununak Airport,US,60.569638,-165.246649
TNN,Tainan International Airport / Tainan Air Base,TW,22.950399,120.206001
TNR,Ivato International Airport,MG,-18.796900,47.478802
TOD,Tioman Airport,MY,2.818180,104.160004
TOE,Tozeur Nefta International Airport,TN,33.939701,8.110560
TOF,Tomsk Kamov Airport,RU,56.380299,85.208298
TOG,Togiak Airport,US,59.052799,-160.397003
TOL,Eugene F. Kranz Toledo Express Airport,US,41.586800,-83.807800
TOM,Tombouktou Airport,ML,16.730499,-3.007580
TOS,Tromsø Airport,NO,69.683296,18.918900
TOU,Touho Airport,NC,-20.790127,165.259524
TOW,Toledo - Luiz Dalcanale Filho Municipal Airport,BR,-24.686300,-53.697498
TOY,Toyama Kitokito Airport,JP,36.648416,137.187359
TPA,Tampa International Airport,US,27.975500,-82.533203
TPE,Taiwan Taoyuan International Airport,TW,25.077700,121.233002
TPI,Tapini Airport,PG,-8.356667,146.989167
TPJ,Taplejung Airport,NP,27.350900,87.695250
TPP,Cadete FAP Guillermo Del Castillo Paredes Airport,PE,-6.508740,-76.373199
TPQ,Amado Nervo National Airport,MX,21.419833,-104.842472
TPS,Vincenzo Florio Airport Trapani-Birgi,IT,37.911400,12.488000
TQA,Tasiusaq Heliport,GL,73.373055,-56.060280
TQI,Tiniteqilaaq Heliport,GL,65.892027,-37.783409
TQO,Felipe Carrillo Puerto International Airport Tulum,MX,20.172098,-87.660272
TQR,San Domino Island Heliport,IT,42.117775,15.490655
TRA,Tarama Airport,JP,24.653793,124.675453
TRC,Francisco Sarabia Tinoco International Airport,MX,25.562265,-103.404608
TRD,"Trondheim Airport, Værnes",NO,63.457802,10.924000
TRE,Tiree Airport,GB,56.499199,-6.869170
TRF,"Sandefjord Airport, Torp",NO,59.186699,10.258600
TRG,Tauranga Airport,NZ,-37.671902,176.195999
TRI,Tri-Cities Regional TN/VA Airport,US,36.475201,-82.407401
TRK,Juwata International Airport / Suharnoko Harbani AFB,ID,3.325145,117.564169
TRN,Turin Airport,IT,45.200802,7.649630
TRR,China Bay Airport,LK,8.539159,81.181280
TRS,Trieste Airport,IT,45.827862,13.466672
TRT,Toraja Airport,ID,-3.184359,119.919104
TRU,Capitán FAP Carlos Martínez de Pinillos International Airport,PE,-8.082382,-79.108821
TRV,Thiruvananthapuram International Airport,IN,8.481889,76.920029
TRW,Bonriki International Airport,KI,1.381640,173.147003
TRZ,Tiruchirappalli International Airport,IN,10.762915,78.717741
TSA,Taipei Songshan International Airport,TW,25.067244,121.552822
TSF,Treviso Airport,IT,45.648399,12.194400
TSJ,Tsushima Airport,JP,34.284901,129.330994
TSM,Taos Regional Airport,US,36.452494,-105.677490
TSN,Tianjin Binhai International Airport,CN,39.124401,117.346001
TSR,Timișoara Traian Vuia International Airport,RO,45.809898,21.337900
TSS,East 34th Street Heliport,US,40.742372,-73.972074
TST,Trang Airport,TH,7.508740,99.616600
TSV,Townsville Airport / RAAF Base Townsville,AU,-19.252904,146.766512
TTA,Tan Tan Airport,MA,28.447563,-11.161749
TTE,Sultan Babullah Airport,ID,0.831012,127.381611
TTJ,Tottori Sand Dunes Conan Airport,JP,35.530058,134.165023
TTN,Trenton Mercer Airport,US,40.276699,-74.813499
TTS,Tsaratanana Airport,MG,-16.751064,47.619016
TTT,Taitung Airport,TW,22.754856,121.101794
TTU,Sania Ramel Airport,MA,35.594299,-5.320020
TTW,Tissa Tank Waterdrome,LK,6.287600,81.290600
TUA,Lieutenant Colonel Luis A. Mantilla International Airport,EC,0.809506,-77.708099
TUB,Tubuai Airport,PF,-23.365400,-149.524002
TUC,Teniente Benjamín Matienzo International Airport,AR,-26.837397,-65.104195
TUF,Tours Val de Loire Airport,FR,47.432201,0.727606
TUG,Tuguegarao Airport,PH,17.643368,121.733150
TUI,Turaif Domestic Airport,SA,31.692188,38.731544
TUK,Turbat International Airport,PK,25.984767,63.028856
TUL,Tulsa International Airport,US,36.197084,-95.886225
TUN,Tunis Carthage International Airport,TN,36.851002,10.227200
TUO,Taupo Airport,NZ,-38.739700,176.084000
TUP,Tupelo Regional Airport,US,34.268101,-88.769897
TUR,Tucuruí Airport,BR,-3.786010,-49.720299
TUS,Tucson International Airport,US,32.115004,-110.938053
TUU,Prince Sultan bin Abdulaziz International Airport,SA,28.371100,36.624865
TVC,Cherry Capital Airport,US,44.741402,-85.582199
TVF,Thief River Falls Regional Airport,US,48.065701,-96.184998
TVS,Tangshan Sannühe Airport,CN,39.717800,118.002625
TVT,Tashkent-Khumo International Airport,UZ,41.312889,69.395535
TVU,Matei Airport,FJ,-16.690599,-179.876999
TVY,Dawei Airport,MM,14.103900,98.203598
TWA,Twin Hills Airport,US,59.074713,-160.274992
TWC,Tumxuk Tangwangcheng Airport,CN,39.886663,79.233408
TWF,Joslin Field Magic Valley Regional Airport,US,42.481800,-114.487999
TWT,Sanga Sanga Airport,PH,5.048196,119.743338
TWU,Tawau Airport,MY,4.313380,118.121520
TXE,Rembele Airport,ID,4.721130,96.851943
TXK,Texarkana Regional Airport (Webb Field),US,33.453701,-93.990997
TXN,Huangshan Tunxi International Airport,CN,29.733299,118.255997
TYF,Torsby Airport,SE,60.157600,12.991300
TYL,Captain Victor Montes Arias International Airport,PE,-4.576640,-81.254097
TYN,Taiyuan Wusu International Airport,CN,37.746899,112.627998
TYR,Tyler Pounds Regional Airport,US,32.354099,-95.402397
TYS,McGhee Tyson Airport,US,35.811001,-83.994003
TZA,Sir Barry Bowen Municipal Airport,BZ,17.517239,-88.195775
TZL,Tuzla International Airport,BA,44.459858,18.723627
TZN,Congo Town Airport,BS,24.158701,-77.589798
TZX,Trabzon International Airport,TR,40.995098,39.789700
UAH,Ua Huka Airport,PF,-8.936228,-139.554062
UAI,"Commander in Chief of FALINTIL, Kay Rala Xanana Gusmão, International Airport",TL,-9.301856,125.286302
UAK,Narsarsuaq Airport,GL,61.159580,-45.424690
UAP,Ua Pou Airport,PF,-9.351670,-140.078003
UAQ,Domingo Faustino Sarmiento Airport,AR,-31.571501,-68.418198
UAR,Bouarfa Airport,MA,32.514306,-1.983056
UBA,Mário de Almeida Franco Airport,BR,-19.765036,-47.964805
UBB,Mabuiag Island Airport,AU,-9.950168,142.195230
UBJ,Yamaguchi Ube Airport,JP,33.930000,131.279007
UBN,Ulaanbaatar Chinggis Khaan International Airport,MN,47.646916,106.819833
UBP,Ubon Ratchathani Airport,TH,15.251300,104.870003
UCB,Ulanqab Jining Airport,CN,41.130266,113.107274
UCT,Ukhta Airport,RU,63.566898,53.804699
UDI,Ten. Cel. Aviador César Bombonato Airport,BR,-18.883579,-48.225936
UDR,Maharana Pratap Airport,IN,24.617701,73.896103
UEL,Quelimane Airport,MZ,-17.855499,36.869099
UEO,Kumejima Airport,JP,26.363445,126.713840
UET,Quetta International Airport,PK,30.251400,66.937798
UFA,Ufa International Airport,RU,54.557499,55.874401
UGA,Bulgan Airport,MN,48.855000,103.475998
UGC,Urgench International Airport,UZ,41.582740,60.643380
UGI,San Juan /Uganik/ Seaplane Base,US,57.730400,-153.320999
UGU,Bilorai Airport,ID,-3.739503,137.031183
UIB,El Caraño Airport,CO,5.690760,-76.641200
UIH,Phu Cat Airport,VN,13.955000,109.042000
UII,Utila Airport,HN,16.113100,-86.880302
UIN,Quincy Regional Airport Baldwin Field,US,39.942699,-91.194603
UIO,Mariscal Sucre International Airport,EC,-0.125399,-78.354306
UIT,Jaluit Airport,MH,5.909213,169.637256
UJE,Ujae Atoll Airport,MH,8.928060,165.761993
UKB,Kobe Airport,JP,34.632801,135.223999
UKE,Utkela Airport,IN,20.097778,83.183333
UKG,Ust-Kuyga Airport,RU,70.011002,135.645004
UKK,Oskemen International Airport,KZ,50.035033,82.496057
UKX,Ust-Kut Airport,RU,56.856701,105.730003
ULG,Ölgii Mongolei International Airport,MN,48.993301,89.922501
ULH,Al-Ula International Airport,SA,26.483634,38.117048
ULK,Lensk Airport,RU,60.723594,114.825319
ULO,Ulaangom Airport,MN,50.066588,91.938273
ULP,Quilpie Airport,AU,-26.609176,144.253746
ULU,Gulu Airport,UG,2.805560,32.271801
ULV,Ulyanovsk Baratayevka Airport,RU,54.270160,48.225569
ULY,Ulyanovsk Vostochny Airport,RU,54.401001,48.802700
ULZ,Donoi Airport,MN,47.709300,96.525800
UMD,Uummannaq Heliport,GL,70.680428,-52.111630
UME,Umeå Airport,SE,63.791801,20.282801
UMS,Ust-Maya Airport,RU,60.357437,134.437310
UMU,Orlando de Carvalho Airport,BR,-23.798700,-53.313801
UNA,Una-Comandatuba Airport,BR,-15.354358,-38.998729
UNG,Kiunga Airport,PG,-6.125710,141.281998
UNI,Union Island International Airport,VC,12.600135,-61.411945
UNK,Unalakleet Airport,US,63.888401,-160.798996
UNN,Ranong Airport,TH,9.777620,98.585503
UOL,Buol - Pogogul Airport,ID,1.102318,121.413358
UPG,Sultan Hasanuddin International Airport,ID,-5.075539,119.553702
UPN,Uruapan - Licenciado y General Ignacio Lopez Rayon International Airport,MX,19.396700,-102.039001
URA,Manshuk Mametova International Airport,KZ,51.151976,51.543652
URC,Ürümqi Tianshan International Airport,CN,43.913584,87.479372
URE,Kuressaare Airport,EE,58.229900,22.509501
URG,Rubem Berta Airport,BR,-29.782200,-57.038200
URJ,Uray Airport,RU,60.103298,64.826698
URT,Surat Thani Airport,TH,9.132600,99.135597
URY,Gurayat Domestic Airport,SA,31.412413,37.278898
USA,Concord-Padgett Regional Airport,US,35.387798,-80.709099
USH,Ushuaia - Malvinas Argentinas International Airport,AR,-54.843300,-68.295800
USJ,Usharal Airport,KZ,46.190767,80.830922
USK,Usinsk Airport,RU,66.004700,57.367199
USM,Samui International Airport,TH,9.547790,100.061996
USN,Ulsan Airport,KR,35.593498,129.352005
USR,Ust-Nera Airport,RU,64.550003,143.115005
UST,Northeast Florida Regional Airport,US,29.959200,-81.339798
USU,Francisco B. Reyes (Busuanga) Airport,PH,12.121865,120.100801
UTH,Udon Thani International Airport,TH,17.386186,102.788577
UTK,Utirik Airport,MH,11.222219,169.851429
UTN,Upington Airport,ZA,-28.400246,21.263592
UTO,Indian Mountain LRRS Airport,US,65.992798,-153.703995
UTP,U-Tapao–Rayong–Pattaya International Airport,TH,12.679900,101.004997
UTT,K. D. Matanzima Airport,ZA,-31.546363,28.673355
UUA,Bugulma Airport,RU,54.641184,52.800229
UUD,Baikal International Airport,RU,51.808614,107.439652
UUS,Yuzhno-Sakhalinsk International Airport,RU,46.885461,142.717466
UVE,Ouvéa Airport,NC,-20.640932,166.573024
UVF,Hewanorra International Airport,LC,13.733200,-60.952599
UVI,José Cleto Airport,BR,-26.233224,-51.066754
UYL,Nyala Airport,SD,12.053500,24.956200
UYN,Yulin Yuyang Airport,CN,38.359710,109.590927
UYU,Joya Andina International Airport,BO,-20.441304,-66.857553
UZR,Urzhar Airport,KZ,47.091786,81.668216
VAA,Vaasa Airport,FI,63.050230,21.762543
VAI,Vanimo Airport,PG,-2.692600,141.302800
VAK,Chevak Airport,US,61.540900,-165.600500
VAL,Valença Airport,BR,-13.296500,-38.992401
VAM,Villa International Airport Maamigili,MV,3.471751,72.832633
VAN,Van Ferit Melen Airport,TR,38.468201,43.332298
VAO,Suavanao Airport,SB,-7.585560,158.731003
VAQ,Vanavara Airport,RU,60.356229,102.309641
VAR,Varna Airport,BG,43.232101,27.825100
VAS,Sivas Nuri Demirağ Airport,TR,39.813801,36.903500
VAV,Vava'u International Airport,TO,-18.585300,-173.962006
VAW,"Vardø Airport, Svartnes",NO,70.355400,31.044901
VBS,Brescia Gabriele d'Annunzio Airport,IT,45.428902,10.330600
VBV,Vanua Balavu Airport,FJ,-17.268999,-178.975998
VBY,Visby Airport,SE,57.662800,18.346201
VCA,Can Tho International Airport,VN,10.083397,105.709371
VCE,Venice Marco Polo Airport,IT,45.505299,12.351900
VCL,Chu Lai Airport,VN,15.403300,108.706001
VCP,Viracopos International Airport,BR,-23.007404,-47.134502
VCS,Con Dao Airport,VN,8.731830,106.633003
VCT,Victoria Regional Airport,US,28.852600,-96.918503
VDC,Glauber de Andrade Rocha Airport,BR,-14.907885,-40.914804
VDE,El Hierro Airport,ES,27.814800,-17.887100
VDH,Dong Hoi Airport,VN,17.515000,106.590556
VDM,Gobernador Castello Airport,AR,-40.869200,-63.000400
VDO,Van Don International Airport,VN,21.120693,107.415390
VDS,Vadsø Airport,NO,70.065300,29.844700
VDZ,Valdez Pioneer Field,US,61.132712,-146.246567
VEE,Venetie Airport,US,67.008698,-146.365997
VEL,Vernal Regional Airport,US,40.436214,-109.511661
VEO,Severo-Yeniseysk Airport,RU,60.373299,93.011703
VER,General Heriberto Jara International Airport,MX,19.139589,-96.188602
VFA,Victoria Falls International Airport,ZW,-18.097437,25.836867
VGA,Vijayawada International Airport,IN,16.530011,80.804888
VGO,Vigo Airport,ES,42.231800,-8.626770
VHM,Vilhelmina South Lapland Airport,SE,64.579102,16.833599
VHV,Verkhnevilyuisk Airport,RU,63.458057,120.269165
VIE,Vienna International Airport,AT,48.110298,16.569700
VIG,Juan Pablo Pérez Alfonso Airport,VE,8.624139,-71.672668
VII,Vinh Airport,VN,18.737600,105.670998
VIJ,Virgin Gorda Airport,VG,18.446634,-64.427932
VIL,Dakhla Airport,EH,23.718300,-15.932000
VIT,Vitoria Airport,ES,42.882801,-2.724470
VIX,Eurico de Aguiar Salles International Airport,BR,-20.258000,-40.285000
VJB,Xai-Xai Chongoene Airport,MZ,-24.892909,33.753024
VKG,Rach Gia Airport,VN,9.958030,105.132380
VKO,Vnukovo International Airport,RU,55.591499,37.261501
VKT,Vorkuta Airport,RU,67.488602,63.993099
VLC,Valencia Airport,ES,39.489162,-0.480961
VLD,Valdosta Regional Airport,US,30.782499,-83.276703
VLI,Bauerfield International Airport,VU,-17.699301,168.320007
VLL,Valladolid Airport,ES,41.706100,-4.851940
VLN,Arturo Michelena International Airport,VE,10.149733,-67.928398
VLS,Valesdir Airport,VU,-16.796101,168.177002
VLV,Dr. Antonio Nicolás Briceño Airport,VE,9.340478,-70.584061
VMU,Baimuru Airport,PG,-7.496955,144.821756
VNO,Vilnius International Airport,LT,54.634102,25.285801
VNS,Lal Bahadur Shastri International Airport,IN,25.452171,82.862549
VNX,Vilankulo Airport,MZ,-22.018400,35.313301
VOG,Volgograd International Airport,RU,48.781340,44.339194
VOL,Nea Anchialos National Airport,GR,39.219601,22.794300
VOZ,Voronezh International Airport,RU,51.814324,39.230948
VPE,Ngjiva Pereira Airport,AO,-17.043501,15.683800
VPN,Vopnafjörður Airport,IS,65.720596,-14.850600
VPS,Destin-Fort Walton Beach Airport,US,30.481315,-86.515839
VPY,Chimoio Airport,MZ,-19.151300,33.429001
VQS,Antonio Rivera Rodriguez Airport,PR,18.134800,-65.493599
VRA,Juan Gualberto Gomez International Airport,CU,23.034401,-81.435303
VRB,Vero Beach Regional Airport,US,27.655600,-80.417901
VRC,Virac Airport,PH,13.576400,124.206001
VRL,Vila Real Airport,PT,41.274300,-7.720470
VRN,Verona Villafranca Valerio Catullo Airport,IT,45.394955,10.887303
VRY,Værøy Heliport,NO,67.654555,12.727257
VSA,Carlos Rovirosa Pérez International Airport,MX,17.994283,-92.818199
VSE,Aerodromo Goncalves Lobato (Viseu Airport),PT,40.725498,-7.888990
VST,Stockholm Västerås Airport,SE,59.589401,16.633600
VSV,Shravasti Airport,IN,27.499732,82.032927
VTE,Wattay International Airport,LA,17.985052,102.566692
VTU,Hermanos Ameijeiras Airport,CU,20.987600,-76.935799
VTZ,Alluri Sitarama Raju International Airport (Vizag),IN,17.971512,83.503617
VUP,Alfonso López Pumarejo Airport,CO,10.435000,-73.249500
VUS,Velikiy Ustyug Airport,RU,60.788300,46.259998
VVC,Vanguardia Airport,CO,4.167870,-73.613800
VVI,Viru Viru International Airport,BO,-17.644800,-63.135399
VVO,Vladivostok International Airport,RU,43.396256,132.148155
VVZ,Illizi Takhamalt Airport,DZ,26.723499,8.622650
VXC,Lichinga Airport,MZ,-13.274000,35.266300
VXE,Cesaria Evora International Airport,CV,16.833363,-25.055308
VXO,Växjö Kronoberg Airport,SE,56.929100,14.728000
VYI,Vilyuisk Airport,RU,63.756668,121.693336
WAA,Wales Airport,US,65.622593,-168.095000
WAE,Wadi Al Dawasir Domestic Airport,SA,20.504299,45.199600
WAG,Wanganui Airport,NZ,-39.963467,175.024440
WAW,Warsaw Chopin Airport,PL,52.165699,20.967100
WBB,Stebbins Airport,US,63.515999,-162.278000
WBM,Wapenamanda Airport,PG,-5.635293,143.892231
WBQ,Beaver Airport,US,66.362198,-147.406998
WDH,Hosea Kutako International Airport,NA,-22.479900,17.470900
WDN,Waldron Airstrip,US,48.711410,-123.018208
WDS,Shiyan Wudangshan Airport,CN,32.592889,110.906296
WEF,Weifang Nanyuan Airport,CN,36.646702,119.119003
WEH,Weihai Dashuibo Airport,CN,37.187099,122.228996
WEI,Weipa Airport,AU,-12.677493,141.922618
WFB,Ketchikan Harbor Seaplane Base,US,55.349899,-131.677002
WGA,Wagga Wagga Airport,AU,-35.163484,147.468320
WGE,Walgett Airport,AU,-30.032801,148.126007
WGN,Shaoyang Wugang Airport,CN,26.806123,110.641042
WGP,Umbu Mehang Kunda Airport,ID,-9.669220,120.302002
WHA,Wuhu Xuanzhou Airport,CN,31.104500,118.666870
WHD,Hyder Seaplane Base,US,55.903324,-130.009975
WHK,Whakatāne Airport,NZ,-37.922224,176.916960
WIC,Wick John O'Groats Airport,GB,58.458900,-3.093060
WIL,Nairobi Wilson Airport,KE,-1.321720,36.814800
WIN,Winton Airport,AU,-22.363600,143.085999
WJR,Wajir Airport,KE,1.733240,40.091599
WJU,Wonju Airport / Hoengseong Air Base (K-38/K-46),KR,37.437113,127.960051
WKA,Wanaka Airport,NZ,-44.722091,169.246287
WKJ,Wakkanai Airport,JP,45.404202,141.800995
WKK,Aleknagik / New Airport,US,59.282600,-158.617996
WLG,Wellington International Airport,NZ,-41.326839,174.806862
WLH,Walaha Airport,VU,-15.412000,167.690994
WLK,Selawik Airport,US,66.600098,-159.985992
WLS,Hihifo Airport,WF,-13.239445,-176.198650
WMI,Warsaw Modlin Airport,PL,52.451099,20.651800
WMN,Maroantsetra Airport,MG,-15.437742,49.689081
WMO,White Mountain Airport,US,64.689201,-163.412994
WMT,Zunyi Maotai Airport,CN,27.961837,106.435416
WMX,Wamena Airport,ID,-4.097324,138.952417
WNA,Napakiak Airport,US,60.690300,-161.979004
WNH,Wenshan Puzhehei Airport,CN,23.558300,104.325500
WNI,Matahora Airport,ID,-5.292123,123.636233
WNN,Wunnumin Lake Airport,CA,52.893902,-89.289200
WNP,Naga Airport,PH,13.584900,123.269997
WNR,Windorah Airport,AU,-25.410641,142.668428
WNS,Shaheed Benazirabad Airport,PK,26.219400,68.390099
WNZ,Wenzhou Longwan International Airport,CN,27.910572,120.853465
WOS,Wonsan Kalma Airport,KP,39.165219,127.487931
WPL,Powell Lake Seaplane Base,CA,49.887335,-124.533720
WRE,Whangarei Airport,NZ,-35.769253,174.363713
WRG,Wrangell Airport,US,56.484299,-132.369995
WRO,Copernicus Wrocław Airport,PL,51.103719,16.882096
WRY,Westray Airport,GB,59.350475,-2.950062
WSK,Chongqing Wushan Airport,CN,31.068960,109.708958
WSN,South Naknek Number 2 Airport,US,58.702362,-157.005444
WST,Westerly State Airport,US,41.349602,-71.803398
WSX,Westsound/WSX Seaplane Base,US,48.617901,-122.956903
WSZ,Westport Airport,NZ,-41.737111,171.579033
WTA,Tambohorano Airport,MG,-17.476101,43.972801
WTB,Toowoomba Wellcamp Airport,AU,-27.558332,151.793335
WTE,Wotje Airport,MH,9.458333,170.238611
WTK,Noatak Airport,US,67.561241,-162.980461
WTL,Tuntutuliak Airport,US,60.351243,-162.654476
WTO,Wotho Island Airport,MH,10.173300,166.003006
WUA,Wuhai Airport,CN,39.793400,106.799300
WUH,Wuhan Tianhe International Airport,CN,30.774798,114.213723
WUN,Wiluna Airport,AU,-26.632691,120.221906
WUS,Nanping Wuyishan Airport,CN,27.701900,118.000999
WUT,Xinzhou Wutaishan Airport,CN,38.597456,112.969173
WUU,Wau Airport,SS,7.725830,27.975000
WUX,Sunan Shuofang International Airport,CN,31.496952,120.430380
WUZ,Wuzhou Xijiang Airport,CN,23.403160,111.093310
WVB,Walvis Bay International Airport,NA,-22.979332,14.647102
WWK,Wewak International Airport,PG,-3.583830,143.669006
WWP,Whale Pass Seaplane Float Harbor Facility,US,56.116299,-133.121994
WWT,Mertarvik Airport,US,60.810370,-164.499511
WXN,Wanzhou Wuqiao Airport,CN,30.801700,108.433000
WYA,Whyalla Airport,AU,-33.058899,137.514008
WYS,Yellowstone Airport,US,44.688400,-111.117996
XAI,Xinyang Minggang Airport,CN,32.540819,114.079141
XAP,Serafin Enoss Bertaso Airport,BR,-27.134199,-52.656601
XBE,Bearskin Lake Airport,CA,53.965599,-91.027199
XBJ,Birjand International Airport,IR,32.896525,59.281258
XCH,Christmas Island International Airport,CX,-10.450387,105.691100
XCR,Chalons Vatry airport,FR,48.773330,4.206110
XEQ,Tasiusaq Heliport,GL,60.194305,-44.813447
XFN,Xiangyang Liuji Airport,CN,32.152222,112.291666
XGR,Kangiqsualujjuaq (Georges River) Airport,CA,58.711399,-65.992798
XIC,Xichang Qingshan Airport,CN,27.989100,102.183998
XIL,Xilinhot Airport,CN,43.915600,115.963997
XIQ,Ilimanaq Heliport,GL,69.080915,-51.114315
XIY,Xi'an Xianyang International Airport,CN,34.442207,108.762385
XKH,Xieng Khouang Airport,LA,19.450001,103.157997
XKS,Kasabonika Airport,CA,53.524700,-88.642799
XLB,Lac Brochet Airport,CA,58.614279,-101.468954
XMH,Manihi Airport,PF,-14.436800,-146.070007
XMN,Xiamen Gaoqi International Airport,CN,24.543889,118.127454
XMS,Coronel E Carvajal Airport,EC,-2.299170,-78.120796
XMY,Yam Island Airport,AU,-9.899187,142.774265
XNA,Northwest Arkansas National Airport,US,36.281898,-94.306801
XNN,Xining Caojiabao International Airport,CN,36.527750,102.040215
XPK,Pukatawagan Airport,CA,55.749199,-101.265999
XPL,Palmerola International Airport,HN,14.382400,-87.621201
XQP,Quepos Managua Airport,CR,9.443160,-84.129799
XQU,Qualicum Beach Airport,CA,49.337456,-124.393086
XRY,Jerez Airport,ES,36.744598,-6.060110
XSC,South Caicos Airport,TC,21.515699,-71.528503
XSI,South Indian Lake Airport,CA,56.792801,-98.907204
XSP,Seletar Airport,SG,1.415550,103.866730
XTG,Thargomindah Airport,AU,-27.986368,143.812065
XTL,Tadoule Lake Airport,CA,58.706308,-98.511057
XUZ,Xuzhou Guanyin International Airport,CN,34.059056,117.555278
XWA,Williston Basin International Airport,US,48.260863,-103.751160
XYA,Yandina Airport,SB,-9.092816,159.218410
YAA,Anahim Lake Airport,CA,52.451501,-125.303776
YAB,Arctic Bay Airport,CA,73.006101,-85.046160
YAC,Cat Lake Airport,CA,51.727200,-91.824402
YAG,Fort Frances Municipal Airport,CA,48.655749,-93.443490
YAJ,Lyall Harbour Seaplane Base,CA,48.795274,-123.181801
YAK,Yakutat Airport,US,59.508717,-139.660435
YAL,Alert Bay Airport,CA,50.582199,-126.916000
YAM,Sault Ste Marie Airport,CA,46.483216,-84.508467
YAP,Yap International Airport,FM,9.498910,138.082993
YAQ,Maple Bay Seaplane Base,CA,48.816700,-123.608400
YAS,Yasawa Island Airport,FJ,-16.758900,177.544998
YAT,Attawapiskat Airport,CA,52.927502,-82.431900
YAV,Mayne Island Seaplane Base,CA,48.852241,-123.301982
YAX,Wapekeka Airport,CA,53.849201,-89.579399
YAY,St. Anthony Airport,CA,51.391909,-56.083210
YAZ,Tofino / Long Beach Airport,CA,49.079833,-125.775583
YBB,Kugaaruk Airport,CA,68.535711,-89.805508
YBC,Baie-Comeau Airport,CA,49.132500,-68.204399
YBE,Uranium City Airport,CA,59.561401,-108.481003
YBF,Bamfield Seaplane Base,CA,48.835967,-125.137453
YBG,Saguenay-Bagotville Airport,CA,48.330123,-70.992012
YBI,Black Tickle Airport,CA,53.469836,-55.787501
YBK,Baker Lake Airport,CA,64.298897,-96.077797
YBL,Campbell River Airport,CA,49.950802,-125.271004
YBP,Yibin Wuliangye Airport,CN,28.858431,104.526157
YBQ,Telegraph Harbour Seaplane Base,CA,48.970000,-123.664000
YBR,Brandon Municipal Airport,CA,49.910000,-99.951897
YBT,Brochet Airport,CA,57.889400,-101.679001
YBV,Berens River Airport,CA,52.358898,-97.018303
YBW,Bedwell Harbour Seaplane Base,CA,48.750000,-123.233002
YBX,Lourdes-de-Blanc-Sablon Airport,CA,51.443600,-57.185299
YBY,Bonnyville Airport,CA,54.304199,-110.744003
YCB,Cambridge Bay Airport,CA,69.108101,-105.138000
YCD,Nanaimo Airport,CA,49.054970,-123.869863
YCG,Castlegar/West Kootenay Regional Airport,CA,49.296398,-117.632004
YCK,Tommy Kochon Airport,CA,67.020150,-126.128364
YCM,Niagara District Airport,CA,43.191598,-79.171686
YCO,Kugluktuk Airport,CA,67.816408,-115.143070
YCR,Cross Lake (Charlie Sinclair Memorial) Airport,CA,54.609758,-97.762442
YCS,Chesterfield Inlet Airport,CA,63.346901,-90.731102
YCU,Yuncheng Yanhu International Airport,CN,35.117823,111.034023
YCY,Clyde River Airport,CA,70.486099,-68.516701
YDA,Dawson City Airport,CA,64.043098,-139.128006
YDF,Deer Lake Airport,CA,49.208159,-57.396147
YDL,Dease Lake Airport,CA,58.422199,-130.031998
YDN,Dauphin Barker Airport,CA,51.100800,-100.052002
YDP,Nain Airport,CA,56.550778,-61.682224
YDV,Bloodvein River Airport,CA,51.784568,-96.692305
YEG,Edmonton International Airport,CA,53.309700,-113.580002
YEI,Bursa Yenişehir Airport,TR,40.255199,29.562599
YEK,Arviat Airport,CA,61.094200,-94.070801
YER,Fort Severn Airport,CA,56.018902,-87.676102
YEV,Inuvik Mike Zubko Airport,CA,68.304199,-133.483002
YFA,Fort Albany Airport,CA,52.203451,-81.695194
YFB,Iqaluit Airport,CA,63.756402,-68.555801
YFC,Fredericton International Airport,CA,45.868697,-66.529891
YFH,Fort Hope Airport,CA,51.561901,-87.907799
YFJ,Wekweètì Airport,CA,64.190804,-114.077002
YFO,Flin Flon Airport,CA,54.678101,-101.681999
YFS,Fort Simpson Airport,CA,61.760201,-121.237000
YFX,St. Lewis (Fox Harbour) Airport,CA,52.372799,-55.673901
YGG,Ganges Seaplane Base,CA,48.854500,-123.496900
YGH,Fort Good Hope Airport,CA,66.240658,-128.647757
YGJ,Yonago Kitaro Airport / JASDF Miho Air Base,JP,35.492199,133.235992
YGL,La Grande Rivière Airport,CA,53.625301,-77.704201
YGN,Greenway Sound Seaplane Base,CA,50.839000,-126.775000
YGO,Gods Lake Narrows Airport,CA,54.557680,-94.490061
YGP,Michel-Pouliot Gaspé Airport,CA,48.774915,-64.481893
YGR,Îles-de-la-Madeleine Airport,CA,47.425242,-61.778612
YGT,Igloolik Airport,CA,69.364700,-81.816101
YGV,Havre-Saint-Pierre Airport,CA,50.281898,-63.611401
YGW,Kuujjuarapik Airport,CA,55.281898,-77.765297
YGX,Gillam Airport,CA,56.357120,-94.711504
YGZ,Grise Fiord Airport,CA,76.425823,-82.908583
YHA,Port Hope Simpson Airport,CA,52.528099,-56.286098
YHG,Charlottetown Airport,CA,52.765774,-56.112370
YHH,Campbell River Seaplane Base,CA,50.049999,-125.250000
YHI,Ulukhaktok Holman Airport,CA,70.762802,-117.806000
YHK,Gjoa Haven Airport,CA,68.635597,-95.849701
YHM,John C. Munro Hamilton International Airport,CA,43.171308,-79.929416
YHO,Hopedale Airport,CA,55.448757,-60.228124
YHP,Poplar Hill Airport,CA,52.113300,-94.255600
YHR,Chevery Airport,CA,50.468322,-59.637823
YHU,Montréal / Saint-Hubert Metropolitan Airport,CA,45.517502,-73.416901
YHY,Hay River / Merlyn Carter Airport,CA,60.839699,-115.782997
YHZ,Halifax / Stanfield International Airport,CA,44.880798,-63.508598
YIA,Yogyakarta International Airport,ID,-7.905338,110.057264
YIC,Yichun Mingyueshan Airport,CN,27.802500,114.306200
YIE,Arxan Yi'ershi Airport,CN,47.310600,119.911700
YIF,St Augustin Airport,CA,51.211700,-58.658298
YIG,Big Bay Seaplane Base,CA,50.392300,-125.137200
YIH,Yichang Sanxia Airport,CN,30.554132,111.482563
YIK,Ivujivik Airport,CA,62.417301,-77.925301
YIN,Ili Yining International Airport,CN,43.955799,81.330299
YIO,Pond Inlet Airport,CA,72.689494,-77.968941
YIV,Island Lake Airport,CA,53.857201,-94.653603
YIW,Yiwu Airport,CN,29.342095,120.031160
YKA,Kamloops John Moose Fulton Field Regional Airport,CA,50.703038,-120.448641
YKF,Region of Waterloo International Airport,CA,43.460800,-80.378601
YKG,Kangirsuk Airport,CA,60.027199,-69.999199
YKH,Yingkou Lanqi Airport,CN,40.542524,122.358600
YKL,Schefferville Airport,CA,54.805302,-66.805298
YKM,Yakima Air Terminal McAllister Field,US,46.568199,-120.543999
YKO,Hakkari Yüksekova Airport,TR,37.549700,44.238100
YKQ,Waskaganish Airport,CA,51.473301,-78.758301
YKS,Platon Oyunsky Yakutsk International Airport,RU,62.093300,129.770996
YKU,Chisasibi Airport,CA,53.805599,-78.916901
YLC,Kimmirut Airport,CA,62.848253,-69.877853
YLE,Whatì Airport,CA,63.131699,-117.246002
YLH,Lansdowne House Airport,CA,52.195599,-87.934196
YLK,Barrie-Lake Simcoe Regional Airport,CA,44.485056,-79.554663
YLL,Lloydminster Airport,CA,53.309200,-110.072998
YLW,Kelowna International Airport,CA,49.956100,-119.377998
YLX,Yulin Fumian Airport,CN,22.433042,110.119996
YMF,Montague Harbour Seaplane Base,CA,48.892250,-123.392150
YMH,Mary's Harbour Airport,CA,52.302837,-55.847433
YMM,Fort McMurray International Airport,CA,56.653301,-111.222000
YMN,Makkovik Airport,CA,55.077335,-59.187942
YMO,Moosonee Airport,CA,51.291100,-80.607803
YMP,Port McNeill Airport,CA,50.573480,-127.027702
YMS,Moises Benzaquen Rengifo Airport,PE,-5.893770,-76.118202
YMT,Chapais Airport,CA,49.771900,-74.528099
YMX,Montreal Mirabel International Airport,CA,45.679501,-74.038696
YNA,Natashquan Airport,CA,50.190114,-61.788980
YNB,Prince Abdulmohsen Bin Abdulaziz International Airport,SA,24.144199,38.063400
YNC,Wemindji Airport,CA,53.010601,-78.831100
YND,Ottawa / Gatineau Airport,CA,45.521702,-75.563599
YNE,Norway House Airport,CA,53.958302,-97.844200
YNJ,Yanji Chaoyangchuan Airport,CN,42.882801,129.451004
YNL,Points North Landing Airport,CA,58.276699,-104.082001
YNO,North Spirit Lake Airport,CA,52.490002,-92.971100
YNP,Natuashish Airport,CA,55.913898,-61.184399
YNS,Nemiscau Airport,CA,51.691101,-76.135597
YNT,Yantai Penglai International Airport,CN,37.659724,120.978124
YNY,Yangyang International Airport,KR,38.060481,128.669822
YNZ,Yancheng Nanyang International Airport,CN,33.428317,120.205450
YOC,Old Crow Airport,CA,67.570602,-139.839005
YOG,Ogoki Post Airport,CA,51.658600,-85.901703
YOH,Oxford House Airport,CA,54.933300,-95.278900
YOJ,High Level Airport,CA,58.621399,-117.165001
YOL,Yola Airport,NG,9.257550,12.430400
YON,Yongphulla Airport,BT,27.256270,91.514633
YOW,Ottawa Macdonald-Cartier International Airport,CA,45.322498,-75.669197
YPA,Prince Albert Glass Field,CA,53.214199,-105.672997
YPC,Paulatuk (Nora Aliqatchialuk Ruben) Airport,CA,69.360838,-124.075470
YPE,Peace River Airport,CA,56.226898,-117.446999
YPH,Inukjuak Airport,CA,58.471901,-78.076897
YPJ,Aupaluk Airport,CA,59.296700,-69.599701
YPL,Pickle Lake Airport,CA,51.446400,-90.214203
YPM,Pikangikum Airport,CA,51.819698,-93.973297
YPN,Port-Menier Airport,CA,49.836399,-64.288597
YPO,Peawanuck Airport,CA,54.987932,-85.442648
YPQ,Peterborough Regional Airport,CA,44.232251,-78.362053
YPR,Prince Rupert Airport,CA,54.286098,-130.445007
YPW,Powell River Airport,CA,49.834202,-124.500000
YPX,Puvirnituq Airport,CA,60.050598,-77.286903
YPY,Fort Chipewyan Airport,CA,58.767200,-111.116997
YPZ,Burns Lake Airport,CA,54.376400,-125.950996
YQA,Muskoka Airport,CA,44.975376,-79.306546
YQB,Quebec Jean Lesage International Airport,CA,46.791100,-71.393303
YQC,Quaqtaq Airport,CA,61.046398,-69.617798
YQD,The Pas Airport,CA,53.971401,-101.091003
YQG,Windsor International Airport,CA,42.275600,-82.955597
YQH,Watson Lake Airport,CA,60.116839,-128.821993
YQK,Kenora Airport,CA,49.788300,-94.363098
YQL,Lethbridge County Airport,CA,49.630299,-112.800003
YQM,Greater Moncton Roméo LeBlanc International Airport,CA,46.113189,-64.677190
YQN,Nakina Airport,CA,50.182800,-86.696404
YQQ,Comox Valley International Airport / CFB Comox,CA,49.710800,-124.887001
YQR,Regina International Airport,CA,50.431938,-104.660906
YQT,Thunder Bay International Airport,CA,48.371899,-89.323898
YQU,Grande Prairie Airport,CA,55.179699,-118.885002
YQX,Gander International Airport,CA,48.936258,-54.567719
YQY,Sydney / J.A. Douglas McCurdy Airport,CA,46.161072,-60.049759
YQZ,Quesnel Airport,CA,53.026100,-122.510002
YRA,Rae Lakes Airport,CA,64.116096,-117.309998
YRB,Resolute Bay Airport,CA,74.716904,-94.969398
YRF,Cartwright Airport,CA,53.682501,-57.042303
YRG,Rigolet Airport,CA,54.179699,-58.457500
YRJ,Roberval Airport,CA,48.519665,-72.265735
YRL,Red Lake Airport,CA,51.066898,-93.793098
YRO,Ottawa / Rockcliffe Airport,CA,45.460496,-75.644001
YRS,Red Sucker Lake Airport,CA,54.167198,-93.557198
YRT,Rankin Inlet Airport,CA,62.811401,-92.115799
YSB,Sudbury Airport,CA,46.625000,-80.798897
YSF,Stony Rapids Airport,CA,59.250301,-105.841003
YSG,Lutselk'e Airport,CA,62.417823,-110.682793
YSJ,Saint John Airport,CA,45.316101,-65.890297
YSK,Sanikiluaq Airport,CA,56.536891,-79.250221
YSM,Fort Smith Airport,CA,60.020302,-111.961998
YSO,Postville Airport,CA,54.910500,-59.785070
YSQ,Songyuan Chaganhu Airport,CN,44.931143,124.552121
YST,St. Theresa Point Airport,CA,53.845261,-94.851966
YSY,Sachs Harbour (David Nasogaluak Jr. Saaryuaq) Airport,CA,71.993896,-125.242996
YTE,Cape Dorset Airport,CA,64.230003,-76.526703
YTG,Sullivan Bay Seaplane Base,CA,50.885359,-126.831069
YTH,Thompson Airport,CA,55.801102,-97.864197
YTL,Big Trout Lake Airport,CA,53.817799,-89.896896
YTP,Tofino Harbour Seaplane Base,CA,49.155000,-125.910000
YTQ,Tasiujaq Airport,CA,58.667801,-69.955803
YTS,Timmins/Victor M. Power,CA,48.569698,-81.376701
YTW,Yutian Wanfang Airport,CN,36.808500,81.782700
YTY,Yangzhou Taizhou Airport,CN,32.563400,119.719800
YTZ,Billy Bishop Toronto City Airport,CA,43.627852,-79.395530
YUD,Umiujaq Airport,CA,56.536098,-76.518303
YUL,Montreal / Pierre Elliott Trudeau International Airport,CA,45.467837,-73.742294
YUM,Yuma International Airport / Marine Corps Air Station Yuma,US,32.650938,-114.609375
YUS,Yushu Batang Airport,CN,32.836389,97.036389
YUT,Naujaat Airport,CA,66.521024,-86.225166
YUX,Hall Beach Airport,CA,68.776100,-81.242500
YUY,Rouyn Noranda Airport,CA,48.206100,-78.835602
YVB,Bonaventure Airport,CA,48.071098,-65.460297
YVC,La Ronge Airport,CA,55.151402,-105.262001
YVM,Qikiqtarjuaq Airport,CA,67.546560,-64.031410
YVO,Val-d'Or Airport,CA,48.053299,-77.782799
YVP,Kuujjuaq Airport,CA,58.096100,-68.426903
YVQ,Norman Wells Airport,CA,65.281601,-126.797997
YVR,Vancouver International Airport,CA,49.193901,-123.183998
YVV,Wiarton Airport,CA,44.745800,-81.107201
YVZ,Deer Lake Airport,CA,52.655613,-94.061208
YWB,Kangiqsujuaq (Wakeham Bay) Airport,CA,61.588600,-71.929398
YWG,Winnipeg / James Armstrong Richardson International Airport,CA,49.910000,-97.239899
YWH,Victoria Harbour Seaplane Base,CA,48.423782,-123.371980
YWJ,Déline Airport,CA,65.211098,-123.435997
YWK,Wabush Airport,CA,52.921902,-66.864403
YWL,Williams Lake Airport,CA,52.183102,-122.054001
YWM,Williams Harbour Airport,CA,52.567377,-55.784883
YWP,Webequie Airport,CA,52.959393,-87.374868
YWS,Whistler/Green Lake Water Aerodrome,CA,50.143600,-122.948997
YXC,Cranbrook/Canadian Rockies International Airport,CA,49.610802,-115.781998
YXE,Saskatoon John G. Diefenbaker International Airport,CA,52.170723,-106.700793
YXH,Medicine Hat Regional Airport,CA,50.018902,-110.721001
YXJ,Fort St John / North Peace Regional Airport,CA,56.238098,-120.739998
YXL,Sioux Lookout Airport,CA,50.113899,-91.905296
YXN,Whale Cove Airport,CA,62.240002,-92.598099
YXP,Pangnirtung Airport,CA,66.144878,-65.713606
YXS,Prince George (International) Airport,CA,53.884311,-122.666554
YXT,Northwest Regional Airport Terrace-Kitimat,CA,54.468498,-128.576009
YXU,London International Airport,CA,43.032845,-81.149003
YXX,Abbotsford International Airport,CA,49.025299,-122.361000
YXY,Whitehorse / Erik Nielsen International Airport,CA,60.708533,-135.065705
YYA,Yueyang Sanhe Airport,CN,29.311699,113.281574
YYB,North Bay Jack Garland Airport,CA,46.363602,-79.422798
YYC,Calgary International Airport,CA,51.118822,-114.009933
YYD,Smithers Airport,CA,54.824699,-127.182999
YYE,Fort Nelson Airport,CA,58.836399,-122.597000
YYF,Penticton Airport,CA,49.463100,-119.601997
YYG,Charlottetown Airport,CA,46.288911,-63.125174
YYH,Taloyoak Airport,CA,69.546700,-93.576698
YYJ,Victoria International Airport,CA,48.647201,-123.427792
YYL,Lynn Lake Airport,CA,56.863899,-101.075996
YYQ,Churchill Airport,CA,58.739201,-94.065002
YYR,Goose Bay Airport,CA,53.319199,-60.425800
YYT,St. John's International Airport,CA,47.618599,-52.751900
YYY,Mont Joli Airport,CA,48.608601,-68.208099
YYZ,Toronto Pearson International Airport,CA,43.675935,-79.629421
YZF,Yellowknife International Airport,CA,62.462799,-114.440002
YZG,Salluit Airport,CA,62.179401,-75.667198
YZP,Sandspit Airport,CA,53.254299,-131.813995
YZS,Coral Harbour Airport,CA,64.193298,-83.359398
YZT,Port Hardy Airport,CA,50.680599,-127.366997
YZU,Whitecourt Airport,CA,54.143902,-115.787003
YZV,Sept-Îles Airport,CA,50.223301,-66.265602
YZY,Zhangye Ganzhou Airport,CN,38.801899,100.675003
YZZ,Trail Regional Airport,CA,49.055599,-117.609001
ZAD,Zadar Airport,HR,44.096986,15.353565
ZAG,Zagreb Franjo Tuđman International Airport,HR,45.742901,16.068800
ZAH,Zahedan International Airport,IR,29.475700,60.906200
ZAL,Pichoy Airport,CL,-39.650002,-73.086098
ZAM,Zamboanga International Airport,PH,6.922420,122.059998
ZAT,Zhaotong Zhaoyang Airport,CN,27.205843,103.691511
ZAZ,Zaragoza Airport,ES,41.666199,-1.041550
ZBF,Bathurst Airport,CA,47.629700,-65.738899
ZBR,Chabahar Konarak International Airport,IR,25.443190,60.382167
ZCL,General Leobardo C. Ruiz International Airport,MX,22.894942,-102.687154
ZCO,La Araucanía International Airport,CL,-38.925900,-72.651500
ZDY,Delma Airport,AE,24.510000,52.335200
ZEL,Bella Bella (Campbell Island) Airport,CA,52.185001,-128.156994
ZEM,Eastmain River Airport,CA,52.226398,-78.522499
ZFD,Fond-du-Lac Airport,CA,59.334400,-107.181999
ZFL,Zhaosu Tianma Airport,CN,43.088477,81.223013
ZFM,Fort Mcpherson Airport,CA,67.406993,-134.860182
ZFN,Tulita Airport,CA,64.909496,-125.570297
ZGI,Gods River Airport,CA,54.839699,-94.078598
ZGS,La Romaine Airport,CA,50.259553,-60.674357
ZHA,Zhanjiang Wuchuan International Airport,CN,21.481667,110.590278
ZHY,Zhongwei Shapotou Airport,CN,37.573125,105.154454
ZIA,Zhukovsky International Airport,RU,55.553299,38.150002
ZIG,Ziguinchor Airport,SN,12.555590,-16.283298
ZIH,Ixtapa-Zihuatanejo International Airport,MX,17.601771,-101.460629
ZIX,Zhigansk Airport,RU,66.796501,123.361000
ZKE,Kashechewan Airport,CA,52.282501,-81.677803
ZKP,Zyryanka Airport,RU,65.748500,150.888900
ZLO,Playa de Oro International Airport,MX,19.144800,-104.558998
ZLT,La Tabatière Airport,CA,50.830799,-58.975601
ZMT,Masset Airport,CA,54.027500,-132.125000
ZNA,Nanaimo Harbour Water Aerodrome,CA,49.169813,-123.933845
ZND,Zinder Airport,NE,13.779000,8.983760
ZNE,Newman Airport,AU,-23.417801,119.803001
ZNZ,Abeid Amani Karume International Airport,TZ,-6.222020,39.224899
ZOS,Cañal Bajo Carlos Hott Siebert Airport,CL,-40.611198,-73.060997
ZPB,Sachigo Lake Airport,CA,53.890885,-92.195935
ZPC,Pucón Airport,CL,-39.292801,-71.915901
ZQN,Queenstown Airport,NZ,-45.019205,168.746379
ZQZ,Zhangjiakou Ningyuan Airport,CN,40.738664,114.933395
ZRH,Zürich Airport,CH,47.458056,8.548056
ZRJ,Round Lake (Weagamow Lake) Airport,CA,52.943600,-91.312798
ZSA,San Salvador International Airport,BS,24.063041,-74.523233
ZSE,Saint-Pierre Pierrefonds Airport,RE,-21.319362,55.422506
ZSJ,Sandy Lake Airport,CA,53.064201,-93.344398
ZTB,Tête-à-la-Baleine Airport,CA,50.674400,-59.383598
ZTH,Zakynthos International Airport Dionysios Solomos,GR,37.750900,20.884300
ZTM,Shamattawa Airport,CA,55.863560,-92.081137
ZUH,Zhuhai Jinwan Airport,CN,22.006399,113.375999
ZUM,Churchill Falls Airport,CA,53.561901,-64.106400
ZWL,Wollaston Lake Airport,CA,58.106899,-103.171997
ZYI,Zunyi Xinzhou Airport,CN,27.810723,107.247189
ZYL,Osmany International Airport,BD,24.963993,91.864749
